reel_time_s,file,class,chapter,source_time_s
0.39,ui-suspect/bolt-0130_34s.wav,ui-suspect,Bolt Action Rifle,130.336
1.73,ui-suspect/pump-0146_12s.wav,ui-suspect,Pump Shotgun,146.123
3.07,ui-suspect/bolt-0122_40s.wav,ui-suspect,Bolt Action Rifle,122.398
5.06,ui-suspect/bolt-0033_55s.wav,ui-suspect,Bolt Action Rifle,33.547
6.81,ui-suspect/bolt-0018_73s.wav,ui-suspect,Bolt Action Rifle,18.732
8.56,ui-suspect/revolver-0445_53s.wav,ui-suspect,Revolver,445.532
9.83,ui-suspect/bolt-0044_79s.wav,ui-suspect,Bolt Action Rifle,44.791
11.37,ui-suspect/bolt-0085_37s.wav,ui-suspect,Bolt Action Rifle,85.373
12.91,ui-suspect/sapistol-0318_39s.wav,ui-suspect,Semi Auto Pistol,318.392
14.27,ui-suspect/bolt-0031_23s.wav,ui-suspect,Bolt Action Rifle,31.23
15.63,ui-suspect/pump-0134_97s.wav,ui-suspect,Pump Shotgun,134.971
17.6,ui-suspect/sapistol-0332_48s.wav,ui-suspect,Semi Auto Pistol,332.477
18.8,ui-suspect/sapistol-0352_57s.wav,ui-suspect,Semi Auto Pistol,352.571
20.33,ui-suspect/pump-0154_32s.wav,ui-suspect,Pump Shotgun,154.319
22.06,ui-suspect/revolver-0393_50s.wav,ui-suspect,Revolver,393.496
23.76,ui-suspect/bolt-0031_66s.wav,ui-suspect,Bolt Action Rifle,31.657
24.93,ui-suspect/bolt-0060_05s.wav,ui-suspect,Bolt Action Rifle,60.046
26.05,ui-suspect/pump-0162_54s.wav,ui-suspect,Pump Shotgun,162.539
27.85,ui-suspect/revolver-0417_25s.wav,ui-suspect,Revolver,417.25
29.24,ui-suspect/bolt-0063_79s.wav,ui-suspect,Bolt Action Rifle,63.793
30.93,ui-suspect/bolt-0071_41s.wav,ui-suspect,Bolt Action Rifle,71.412
32.63,ui-suspect/bolt-0036_41s.wav,ui-suspect,Bolt Action Rifle,36.408
34.33,ui-suspect/revolver-0408_39s.wav,ui-suspect,Revolver,408.389
35.96,ui-suspect/sapistol-0332_12s.wav,ui-suspect,Semi Auto Pistol,332.123
37.21,ui-suspect/bolt-0028_25s.wav,ui-suspect,Bolt Action Rifle,28.249
38.46,ui-suspect/bolt-0054_25s.wav,ui-suspect,Bolt Action Rifle,54.247
40.09,ui-suspect/bolt-0087_03s.wav,ui-suspect,Bolt Action Rifle,87.034
41.25,ui-suspect/revolver-0423_50s.wav,ui-suspect,Revolver,423.5
42.87,ui-suspect/revolver-0429_17s.wav,ui-suspect,Revolver,429.168
44.17,ui-suspect/revolver-0444_94s.wav,ui-suspect,Revolver,444.943
45.36,ui-suspect/sapistol-0279_61s.wav,ui-suspect,Semi Auto Pistol,279.611
46.59,ui-suspect/revolver-0431_47s.wav,ui-suspect,Revolver,431.47
47.96,ui-suspect/revolver-0443_25s.wav,ui-suspect,Revolver,443.248
49.25,ui-suspect/sapistol-0321_56s.wav,ui-suspect,Semi Auto Pistol,321.561
50.67,ui-suspect/pump-0140_93s.wav,ui-suspect,Pump Shotgun,140.933
51.88,ui-suspect/revolver-0446_57s.wav,ui-suspect,Revolver,446.566
53.21,ui-suspect/sapistol-0329_24s.wav,ui-suspect,Semi Auto Pistol,329.244
54.34,ui-suspect/bow-0226_05s.wav,ui-suspect,Bow,226.046
55.52,ui-suspect/revolver-0402_39s.wav,ui-suspect,Revolver,402.393
56.96,ui-suspect/sapistol-0351_84s.wav,ui-suspect,Semi Auto Pistol,351.837
58.32,ui-suspect/sar-0510_06s.wav,ui-suspect,Semi Auto Rifle,510.058
59.9,ui-suspect/bow-0233_89s.wav,ui-suspect,Bow,233.894
61.37,ui-suspect/pump-0153_74s.wav,ui-suspect,Pump Shotgun,153.742
62.84,ui-suspect/bow-0217_96s.wav,ui-suspect,Bow,217.957
64.31,ui-suspect/sapistol-0303_57s.wav,ui-suspect,Semi Auto Pistol,303.574
65.57,ui-suspect/bow-0199_07s.wav,ui-suspect,Bow,199.073
67.05,ui-suspect/bolt-0021_00s.wav,ui-suspect,Bolt Action Rifle,21.005
68.52,ui-suspect/pump-0134_40s.wav,ui-suspect,Pump Shotgun,134.397
69.99,ui-suspect/bolt-0035_83s.wav,ui-suspect,Bolt Action Rifle,35.834
71.46,ui-suspect/bolt-0053_60s.wav,ui-suspect,Bolt Action Rifle,53.603
72.93,ui-suspect/bolt-0070_83s.wav,ui-suspect,Bolt Action Rifle,70.829
74.41,ui-suspect/revolver-0392_91s.wav,ui-suspect,Revolver,392.913
75.89,ui-suspect/revolver-0439_91s.wav,ui-suspect,Revolver,439.913
77.36,ui-suspect/bolt-0119_68s.wav,ui-suspect,Bolt Action Rifle,119.684
78.83,ui-suspect/revolver-0404_83s.wav,ui-suspect,Revolver,404.828
80.54,ui-suspect/sar-0529_04s.wav,ui-suspect,Semi Auto Rifle,529.043
81.78,ui-suspect/sar-0568_47s.wav,ui-suspect,Semi Auto Rifle,568.473
83.23,ui-suspect/sapistol-0343_12s.wav,ui-suspect,Semi Auto Pistol,343.124
84.91,ui-suspect/revolver-0407_75s.wav,ui-suspect,Revolver,407.745
86.38,ui-suspect/bolt-0067_23s.wav,ui-suspect,Bolt Action Rifle,67.23
88.13,ui-suspect/revolver-0422_86s.wav,ui-suspect,Revolver,422.855
89.6,ui-suspect/sar-0533_46s.wav,ui-suspect,Semi Auto Rifle,533.455
91.07,ui-suspect/sapistol-0307_09s.wav,ui-suspect,Semi Auto Pistol,307.092
93.08,ui-suspect/sapistol-0325_27s.wav,ui-suspect,Semi Auto Pistol,325.273
94.67,ui-suspect/sar-0546_36s.wav,ui-suspect,Semi Auto Rifle,546.359
96.17,ui-suspect/bolt-0059_55s.wav,ui-suspect,Bolt Action Rifle,59.553
97.37,ui-suspect/sapistol-0331_55s.wav,ui-suspect,Semi Auto Pistol,331.551
98.68,ui-suspect/crossbow-0728_13s.wav,ui-suspect,Crossbow,728.128
99.91,ui-suspect/sar-0526_76s.wav,ui-suspect,Semi Auto Rifle,526.759
101.6,ui-suspect/bolt-0121_94s.wav,ui-suspect,Bolt Action Rifle,121.945
102.96,ui-suspect/revolver-0444_37s.wav,ui-suspect,Revolver,444.368
104.12,ui-suspect/sapistol-0327_84s.wav,ui-suspect,Semi Auto Pistol,327.842
105.5,ui-suspect/bolt-0080_28s.wav,ui-suspect,Bolt Action Rifle,80.285
106.65,ui-suspect/sapistol-0324_63s.wav,ui-suspect,Semi Auto Pistol,324.626
108.11,ui-suspect/sapistol-0342_48s.wav,ui-suspect,Semi Auto Pistol,342.476
109.58,ui-suspect/revolver-0430_50s.wav,ui-suspect,Revolver,430.495
110.93,ui-suspect/sapistol-0306_44s.wav,ui-suspect,Semi Auto Pistol,306.445
112.39,ui-suspect/dbshotgun-0590_27s.wav,ui-suspect,Double Barrel Shotgun,590.274
113.57,ui-suspect/pump-0163_84s.wav,ui-suspect,Pump Shotgun,163.842
115.2,ui-suspect/sar-0545_82s.wav,ui-suspect,Semi Auto Rifle,545.816
116.37,ui-suspect/bow-0195_67s.wav,ui-suspect,Bow,195.671
117.53,ui-suspect/sapistol-0310_63s.wav,ui-suspect,Semi Auto Pistol,310.63
118.66,ui-suspect/crossbow-0714_81s.wav,ui-suspect,Crossbow,714.814
120.34,ui-suspect/bolt-0115_81s.wav,ui-suspect,Bolt Action Rifle,115.815
121.5,ui-suspect/dbshotgun-0610_01s.wav,ui-suspect,Double Barrel Shotgun,610.008
122.9,ui-suspect/bolt-0081_33s.wav,ui-suspect,Bolt Action Rifle,81.333
124.34,ui-suspect/revolver-0388_06s.wav,ui-suspect,Revolver,388.057
125.5,ui-suspect/sar-0567_88s.wav,ui-suspect,Semi Auto Rifle,567.881
126.73,ui-suspect/bolt-0018_35s.wav,ui-suspect,Bolt Action Rifle,18.349
128.04,ui-suspect/milpistol-0844_27s.wav,ui-suspect,Military Pistol,844.271
129.21,ui-suspect/sapistol-0312_07s.wav,ui-suspect,Semi Auto Pistol,312.067
130.91,ui-suspect/dbshotgun-0655_46s.wav,ui-suspect,Double Barrel Shotgun,655.455
132.31,ui-suspect/milpistol-0874_97s.wav,ui-suspect,Military Pistol,874.974
133.45,ui-suspect/dbshotgun-0634_66s.wav,ui-suspect,Double Barrel Shotgun,634.665
134.85,ui-suspect/sar-0559_99s.wav,ui-suspect,Semi Auto Rifle,559.992
136.28,ui-suspect/milpistol-0854_92s.wav,ui-suspect,Military Pistol,854.923
137.49,ui-suspect/milpistol-0841_25s.wav,ui-suspect,Military Pistol,841.25
138.62,ui-suspect/bolt-0033_16s.wav,ui-suspect,Bolt Action Rifle,33.163
139.94,ui-suspect/sapistol-0278_45s.wav,ui-suspect,Semi Auto Pistol,278.447
141.46,ui-suspect/sapistol-0302_42s.wav,ui-suspect,Semi Auto Pistol,302.422
143.03,ui-suspect/sapistol-0320_61s.wav,ui-suspect,Semi Auto Pistol,320.612
144.4,ui-suspect/milpistol-0861_39s.wav,ui-suspect,Military Pistol,861.39
145.6,ui-suspect/crossbow-0751_20s.wav,ui-suspect,Crossbow,751.197
147.75,ui-suspect/milpistol-0826_94s.wav,ui-suspect,Military Pistol,826.94
149.0,ui-suspect/crossbow-0718_24s.wav,ui-suspect,Crossbow,718.242
150.54,ui-suspect/milpistol-0807_60s.wav,ui-suspect,Military Pistol,807.604
151.74,ui-suspect/huntpistol-0907_52s.wav,ui-suspect,Hunting Pistol,907.522
153.03,ui-suspect/huntpistol-0935_01s.wav,ui-suspect,Hunting Pistol,935.012
154.25,ui-suspect/bow-0213_35s.wav,ui-suspect,Bow,213.347
155.38,ui-suspect/milpistol-0823_53s.wav,ui-suspect,Military Pistol,823.533
156.52,ui-suspect/milpistol-0822_38s.wav,ui-suspect,Military Pistol,822.378
157.84,ui-suspect/huntpistol-0951_55s.wav,ui-suspect,Hunting Pistol,951.547
159.05,ui-suspect/huntpistol-0972_01s.wav,ui-suspect,Hunting Pistol,972.01
160.37,ui-suspect/huntpistol-0948_64s.wav,ui-suspect,Hunting Pistol,948.639
161.53,ui-suspect/sapistol-0347_35s.wav,ui-suspect,Semi Auto Pistol,347.353
162.73,ui-suspect/sar-0528_72s.wav,ui-suspect,Semi Auto Rifle,528.718
163.95,ui-suspect/huntpistol-0932_70s.wav,ui-suspect,Hunting Pistol,932.702
165.08,ui-suspect/milpistol-0854_06s.wav,ui-suspect,Military Pistol,854.056
166.2,ui-suspect/bolt-0046_53s.wav,ui-suspect,Bolt Action Rifle,46.535
167.32,ui-suspect/bolt-0080_52s.wav,ui-suspect,Bolt Action Rifle,80.515
169.0,ui-suspect/bolt-0126_24s.wav,ui-suspect,Bolt Action Rifle,126.238
170.48,ui-suspect/sapistol-0310_87s.wav,ui-suspect,Semi Auto Pistol,310.874
172.26,ui-suspect/dbshotgun-0673_10s.wav,ui-suspect,Double Barrel Shotgun,673.1
173.53,ui-suspect/milpistol-0840_25s.wav,ui-suspect,Military Pistol,840.248
174.8,ui-suspect/milpistol-0854_54s.wav,ui-suspect,Military Pistol,854.543
176.02,ui-suspect/sar-0519_74s.wav,ui-suspect,Semi Auto Rifle,519.74
177.44,ui-suspect/sar-0536_96s.wav,ui-suspect,Semi Auto Rifle,536.961
178.85,ui-suspect/sar-0545_36s.wav,ui-suspect,Semi Auto Rifle,545.364
180.06,ui-suspect/crossbow-0727_77s.wav,ui-suspect,Crossbow,727.768
181.28,ui-suspect/milpistol-0874_13s.wav,ui-suspect,Military Pistol,874.132
182.5,ui-suspect/sapistol-0279_93s.wav,ui-suspect,Semi Auto Pistol,279.928
183.61,ui-suspect/sar-0559_45s.wav,ui-suspect,Semi Auto Rifle,559.447
185.07,ui-suspect/crossbow-0764_96s.wav,ui-suspect,Crossbow,764.958
186.18,ui-suspect/milpistol-0813_66s.wav,ui-suspect,Military Pistol,813.664
187.32,ui-suspect/huntpistol-0938_16s.wav,ui-suspect,Hunting Pistol,938.161
188.5,ui-suspect/huntpistol-0911_13s.wav,ui-suspect,Hunting Pistol,911.133
189.69,ui-suspect/dbshotgun-0613_85s.wav,ui-suspect,Double Barrel Shotgun,613.854
191.07,ui-suspect/huntpistol-0955_63s.wav,ui-suspect,Hunting Pistol,955.631
192.25,ui-suspect/dbshotgun-0638_29s.wav,ui-suspect,Double Barrel Shotgun,638.293
193.43,ui-suspect/milpistol-0852_93s.wav,ui-suspect,Military Pistol,852.932
194.65,ui-suspect/crossbow-0750_40s.wav,ui-suspect,Crossbow,750.402
196.1,ui-suspect/crossbow-0717_45s.wav,ui-suspect,Crossbow,717.447
197.56,ui-suspect/crossbow-0724_19s.wav,ui-suspect,Crossbow,724.192
198.76,ui-suspect/dbshotgun-0659_37s.wav,ui-suspect,Double Barrel Shotgun,659.365
199.95,ui-suspect/milpistol-0848_12s.wav,ui-suspect,Military Pistol,848.123
201.13,ui-suspect/bolt-0056_28s.wav,ui-suspect,Bolt Action Rifle,56.282
202.25,ui-suspect/bolt-0063_57s.wav,ui-suspect,Bolt Action Rifle,63.573
203.4,ui-suspect/crossbow-0722_89s.wav,ui-suspect,Crossbow,722.889
204.7,ui-suspect/sar-0536_17s.wav,ui-suspect,Semi Auto Rifle,536.166
206.04,ui-suspect/milpistol-0830_04s.wav,ui-suspect,Military Pistol,830.037
207.22,ui-suspect/milpistol-0865_38s.wav,ui-suspect,Military Pistol,865.375
208.41,ui-suspect/milpistol-0811_41s.wav,ui-suspect,Military Pistol,811.406
209.59,ui-suspect/milpistol-0874_68s.wav,ui-suspect,Military Pistol,874.681
210.71,ui-suspect/milpistol-0840_88s.wav,ui-suspect,Military Pistol,840.878
211.87,ui-suspect/pump-0131_16s.wav,ui-suspect,Pump Shotgun,131.16
213.04,ui-suspect/sapistol-0312_99s.wav,ui-suspect,Semi Auto Pistol,312.987
214.21,ui-suspect/dbshotgun-0637_48s.wav,ui-suspect,Double Barrel Shotgun,637.477
215.55,ui-suspect/huntpistol-0910_32s.wav,ui-suspect,Hunting Pistol,910.32
216.89,ui-suspect/huntpistol-0954_82s.wav,ui-suspect,Hunting Pistol,954.816
218.23,ui-suspect/dbshotgun-0658_55s.wav,ui-suspect,Double Barrel Shotgun,658.549
219.57,ui-suspect/huntpistol-0937_35s.wav,ui-suspect,Hunting Pistol,937.348
220.91,ui-suspect/dbshotgun-0613_04s.wav,ui-suspect,Double Barrel Shotgun,613.038
222.25,ui-suspect/milpistol-0847_31s.wav,ui-suspect,Military Pistol,847.31
223.59,ui-suspect/milpistol-0829_23s.wav,ui-suspect,Military Pistol,829.225
224.93,ui-suspect/milpistol-0810_59s.wav,ui-suspect,Military Pistol,810.588
226.27,ui-suspect/milpistol-0864_56s.wav,ui-suspect,Military Pistol,864.563
227.61,ui-suspect/pump-0163_52s.wav,ui-suspect,Pump Shotgun,163.52
228.81,ui-suspect/milpistol-0852_69s.wav,ui-suspect,Military Pistol,852.688
229.93,ui-suspect/revolver-0414_23s.wav,ui-suspect,Revolver,414.229
231.25,ui-suspect/milpistol-0843_08s.wav,ui-suspect,Military Pistol,843.078
232.52,ui-suspect/sar-0561_65s.wav,ui-suspect,Semi Auto Rifle,561.647
233.68,ui-suspect/bolt-0127_91s.wav,ui-suspect,Bolt Action Rifle,127.907
235.14,ui-suspect/milpistol-0868_86s.wav,ui-suspect,Military Pistol,868.855
236.34,ui-suspect/milpistol-0806_81s.wav,ui-suspect,Military Pistol,806.812
237.45,ui-suspect/milpistol-0860_60s.wav,ui-suspect,Military Pistol,860.598
238.56,ui-suspect/crossbow-0747_41s.wav,ui-suspect,Crossbow,747.412
239.9,ui-suspect/milpistol-0812_88s.wav,ui-suspect,Military Pistol,812.884
241.06,ui-suspect/dbshotgun-0624_95s.wav,ui-suspect,Double Barrel Shotgun,624.95
242.19,ui-suspect/huntpistol-0906_91s.wav,ui-suspect,Hunting Pistol,906.91
243.44,ui-suspect/huntpistol-0950_92s.wav,ui-suspect,Hunting Pistol,950.921
244.59,ui-suspect/revolver-0400_29s.wav,ui-suspect,Revolver,400.288
