file,class,chapter,start_s,dur_s,orig_peak_db,snr_db,centroid_hz,low_ratio,clicks,event_id
assets/handle/bolt-0009_57s.wav,handle,Bolt Action Rifle,9.572,0.183,-43.0,17.6,2480,0.046,3,0
assets/click/bolt-0016_97s.wav,click,Bolt Action Rifle,16.97,0.093,-25.9,34.6,7966,0.001,1,1
assets/ui-suspect/bolt-0018_35s.wav,ui-suspect,Bolt Action Rifle,18.349,0.253,-26.8,33.8,6871,0.005,2,2
assets/ui-suspect/bolt-0018_73s.wav,ui-suspect,Bolt Action Rifle,18.732,0.685,-14.2,46.4,2805,0.001,4,3
assets/long/bolt-0019_58s.wav,long,Bolt Action Rifle,19.58,0.612,-14.4,46.1,733,0.463,3,4
assets/handle/bolt-0020_45s.wav,handle,Bolt Action Rifle,20.445,0.102,-42.7,17.8,604,0.534,2,5
assets/ui-suspect/bolt-0021_00s.wav,ui-suspect,Bolt Action Rifle,21.005,0.403,-19.5,41.1,4596,0.003,2,6
assets/slide/bolt-0023_20s.wav,slide,Bolt Action Rifle,23.199,0.7,-16.8,43.8,4497,0.103,1,8
assets/click/bolt-0024_44s.wav,click,Bolt Action Rifle,24.444,0.049,-39.9,20.7,3153,0.099,1,9
assets/hit/bolt-0024_68s.wav,hit,Bolt Action Rifle,24.679,0.163,-33.1,27.4,2267,0.203,1,10
assets/slide/bolt-0025_12s.wav,slide,Bolt Action Rifle,25.124,0.415,-15.6,44.9,2046,0.046,2,11
assets/long/bolt-0025_70s.wav,long,Bolt Action Rifle,25.701,0.708,-18.8,41.8,539,0.553,6,12
assets/slide/bolt-0026_62s.wav,slide,Bolt Action Rifle,26.618,0.685,-16.9,43.6,2502,0.009,2,13
assets/hit/bolt-0027_55s.wav,hit,Bolt Action Rifle,27.55,0.212,-31.5,29.1,3161,0.022,1,14
assets/click/bolt-0027_93s.wav,click,Bolt Action Rifle,27.927,0.099,-32.4,28.1,2872,0.019,2,15
assets/ui-suspect/bolt-0028_25s.wav,ui-suspect,Bolt Action Rifle,28.249,0.186,-17.2,43.4,4983,0.002,2,16
assets/hit/bolt-0029_02s.wav,hit,Bolt Action Rifle,29.024,0.212,-17.3,43.2,2703,0.036,2,17
assets/slide/bolt-0029_66s.wav,slide,Bolt Action Rifle,29.66,0.415,-18.5,42.0,1885,0.069,3,18
assets/ui-suspect/bolt-0031_23s.wav,ui-suspect,Bolt Action Rifle,31.23,0.29,-15.5,45.0,3463,0.005,4,21
assets/ui-suspect/bolt-0031_66s.wav,ui-suspect,Bolt Action Rifle,31.657,0.11,-16.3,44.3,2654,0.002,2,22
assets/ui-suspect/bolt-0033_16s.wav,ui-suspect,Bolt Action Rifle,33.163,0.258,-27.9,32.6,6496,0.011,2,23
assets/ui-suspect/bolt-0033_55s.wav,ui-suspect,Bolt Action Rifle,33.547,0.685,-14.0,46.6,2408,0.004,4,24
assets/long/bolt-0034_58s.wav,long,Bolt Action Rifle,34.58,0.453,-12.8,47.8,447,0.549,2,25
assets/click/bolt-0035_26s.wav,click,Bolt Action Rifle,35.256,0.154,-26.4,34.1,6576,0.011,2,26
assets/ui-suspect/bolt-0035_83s.wav,ui-suspect,Bolt Action Rifle,35.834,0.406,-19.8,40.8,4453,0.005,4,27
assets/ui-suspect/bolt-0036_41s.wav,ui-suspect,Bolt Action Rifle,36.408,0.641,-16.7,43.9,5215,0.008,3,28
assets/slide/bolt-0037_43s.wav,slide,Bolt Action Rifle,37.427,0.488,-19.9,40.7,1604,0.028,2,29
assets/slide/bolt-0038_18s.wav,slide,Bolt Action Rifle,38.182,0.432,-24.7,35.9,3607,0.012,1,30
assets/hit/bolt-0038_82s.wav,hit,Bolt Action Rifle,38.817,0.148,-33.7,26.9,1798,0.11,1,31
assets/hit/bolt-0039_37s.wav,hit,Bolt Action Rifle,39.369,0.122,-16.6,44.0,1914,0.056,1,32
assets/click/bolt-0039_83s.wav,click,Bolt Action Rifle,39.83,0.107,-23.3,37.3,2180,0.03,1,33
assets/hit/bolt-0040_11s.wav,hit,Bolt Action Rifle,40.109,0.174,-34.9,25.7,2033,0.055,3,34
assets/slide/bolt-0041_06s.wav,slide,Bolt Action Rifle,41.064,0.641,-20.5,40.1,2006,0.222,4,35
assets/hit/bolt-0041_90s.wav,hit,Bolt Action Rifle,41.897,0.041,-39.9,20.7,1971,0.115,1,36
assets/hit/bolt-0042_16s.wav,hit,Bolt Action Rifle,42.158,0.107,-20.1,40.5,1707,0.131,1,37
assets/click/bolt-0042_94s.wav,click,Bolt Action Rifle,42.936,0.116,-15.8,44.8,2242,0.002,2,38
assets/hit/bolt-0043_31s.wav,hit,Bolt Action Rifle,43.311,0.2,-17.2,43.3,2570,0.123,1,39
assets/slide/bolt-0043_99s.wav,slide,Bolt Action Rifle,43.99,0.496,-27.4,33.2,1754,0.259,2,40
assets/ui-suspect/bolt-0044_79s.wav,ui-suspect,Bolt Action Rifle,44.791,0.476,-15.2,45.4,3231,0.005,6,41
assets/click/bolt-0045_66s.wav,click,Bolt Action Rifle,45.656,0.113,-32.1,28.5,2998,0.023,2,42
assets/ui-suspect/bolt-0046_53s.wav,ui-suspect,Bolt Action Rifle,46.535,0.058,-29.7,30.8,3518,0.004,1,43
assets/ratchet/bolt-0046_73s.wav,ratchet,Bolt Action Rifle,46.733,0.18,-45.4,15.1,3221,0.135,5,44
assets/click/bolt-0048_49s.wav,click,Bolt Action Rifle,48.494,0.11,-38.6,22.0,2666,0.045,2,45
assets/hit/bolt-0049_07s.wav,hit,Bolt Action Rifle,49.069,0.235,-31.8,28.7,3049,0.059,1,46
assets/click/bolt-0051_80s.wav,click,Bolt Action Rifle,51.8,0.113,-31.5,29.0,3276,0.012,2,48
assets/long/bolt-0052_26s.wav,long,Bolt Action Rifle,52.262,0.366,-15.3,45.3,426,0.564,1,49
assets/click/bolt-0052_83s.wav,click,Bolt Action Rifle,52.834,0.078,-31.8,28.7,7685,0.026,1,50
assets/click/bolt-0053_06s.wav,click,Bolt Action Rifle,53.06,0.096,-26.7,33.8,7089,0.001,2,51
assets/ui-suspect/bolt-0053_60s.wav,ui-suspect,Bolt Action Rifle,53.603,0.403,-19.8,40.8,4552,0.002,4,52
assets/ui-suspect/bolt-0054_25s.wav,ui-suspect,Bolt Action Rifle,54.247,0.566,-17.1,43.4,5339,0.007,3,53
assets/slide/bolt-0055_09s.wav,slide,Bolt Action Rifle,55.086,0.882,-26.4,34.2,2800,0.046,2,54
assets/ui-suspect/bolt-0056_28s.wav,ui-suspect,Bolt Action Rifle,56.282,0.055,-32.7,27.8,2988,0.004,1,55
assets/slide/bolt-0056_62s.wav,slide,Bolt Action Rifle,56.618,0.432,-26.9,33.7,2019,0.127,2,56
assets/hit/bolt-0057_37s.wav,hit,Bolt Action Rifle,57.373,0.192,-28.2,32.4,907,0.183,2,57
assets/slide/bolt-0057_99s.wav,slide,Bolt Action Rifle,57.994,0.398,-28.3,32.3,2162,0.027,6,58
assets/click/bolt-0058_59s.wav,click,Bolt Action Rifle,58.592,0.055,-26.9,33.7,2966,0.013,1,59
assets/ratchet/bolt-0058_78s.wav,ratchet,Bolt Action Rifle,58.778,0.549,-24.6,36.0,909,0.196,4,60
assets/ui-suspect/bolt-0059_55s.wav,ui-suspect,Bolt Action Rifle,59.553,0.134,-21.6,39.0,3198,0.001,1,61
assets/ui-suspect/bolt-0060_05s.wav,ui-suspect,Bolt Action Rifle,60.046,0.049,-16.2,44.3,4499,0.001,1,62
assets/ratchet/bolt-0060_64s.wav,ratchet,Bolt Action Rifle,60.644,0.345,-25.7,34.8,4283,0.036,4,63
assets/click/bolt-0061_27s.wav,click,Bolt Action Rifle,61.271,0.078,-36.1,24.4,7296,0.002,1,64
assets/ratchet/bolt-0062_27s.wav,ratchet,Bolt Action Rifle,62.273,0.322,-35.9,24.7,4653,0.021,5,65
assets/ui-suspect/bolt-0063_57s.wav,ui-suspect,Bolt Action Rifle,63.573,0.084,-32.7,27.8,3023,0.015,2,66
assets/ui-suspect/bolt-0063_79s.wav,ui-suspect,Bolt Action Rifle,63.793,0.618,-16.4,44.2,3372,0.004,5,67
assets/slide/bolt-0064_56s.wav,slide,Bolt Action Rifle,64.563,0.456,-18.7,41.8,2145,0.155,1,68
assets/click/bolt-0065_15s.wav,click,Bolt Action Rifle,65.149,0.154,-15.8,44.7,2270,0.004,1,69
assets/ratchet/bolt-0065_49s.wav,ratchet,Bolt Action Rifle,65.486,0.325,-33.5,27.1,3015,0.029,5,70
assets/ui-suspect/bolt-0067_23s.wav,ui-suspect,Bolt Action Rifle,67.23,0.691,-20.9,39.7,2853,0.005,4,71
assets/slide/bolt-0068_16s.wav,slide,Bolt Action Rifle,68.159,0.766,-14.7,45.9,2287,0.004,5,72
assets/click/bolt-0069_07s.wav,click,Bolt Action Rifle,69.067,0.104,-32.4,28.2,2699,0.012,1,73
assets/long/bolt-0069_49s.wav,long,Bolt Action Rifle,69.494,0.517,-14.1,46.5,455,0.592,2,74
assets/click/bolt-0070_14s.wav,click,Bolt Action Rifle,70.138,0.09,-31.7,28.9,7250,0.025,1,75
assets/click/bolt-0070_38s.wav,click,Bolt Action Rifle,70.376,0.096,-26.2,34.4,7138,0.002,2,76
assets/ui-suspect/bolt-0070_83s.wav,ui-suspect,Bolt Action Rifle,70.829,0.415,-19.8,40.7,4551,0.004,4,77
assets/ui-suspect/bolt-0071_41s.wav,ui-suspect,Bolt Action Rifle,71.412,0.636,-16.6,44.0,5297,0.007,3,78
assets/slide/bolt-0072_19s.wav,slide,Bolt Action Rifle,72.185,0.659,-17.1,43.4,2538,0.111,8,79
assets/slide/bolt-0073_03s.wav,slide,Bolt Action Rifle,73.026,0.438,-22.6,37.9,3150,0.111,2,80
assets/slide/bolt-0074_49s.wav,slide,Bolt Action Rifle,74.489,0.424,-15.0,45.5,3177,0.103,1,81
assets/handle/bolt-0075_05s.wav,handle,Bolt Action Rifle,75.049,0.084,-41.5,19.0,1728,0.108,2,82
assets/hit/bolt-0075_79s.wav,hit,Bolt Action Rifle,75.789,0.325,-13.8,46.8,767,0.142,2,83
assets/clunk/bolt-0076_36s.wav,clunk,Bolt Action Rifle,76.355,0.212,-21.6,38.9,1520,0.444,2,84
assets/hit/bolt-0076_92s.wav,hit,Bolt Action Rifle,76.921,0.186,-22.4,38.1,3276,0.152,1,85
assets/hit/bolt-0077_37s.wav,hit,Bolt Action Rifle,77.371,0.139,-25.2,35.3,1423,0.027,1,86
assets/hit/bolt-0077_72s.wav,hit,Bolt Action Rifle,77.72,0.157,-36.1,24.5,901,0.335,2,87
assets/slide/bolt-0078_10s.wav,slide,Bolt Action Rifle,78.097,0.366,-27.2,33.3,1160,0.091,2,88
assets/slide/bolt-0078_60s.wav,slide,Bolt Action Rifle,78.599,0.743,-21.5,39.0,979,0.382,6,89
assets/slide/bolt-0079_48s.wav,slide,Bolt Action Rifle,79.479,0.374,-20.0,40.6,3272,0.037,2,90
assets/ui-suspect/bolt-0080_28s.wav,ui-suspect,Bolt Action Rifle,80.285,0.093,-23.9,36.6,3865,0.002,1,91
assets/ui-suspect/bolt-0080_52s.wav,ui-suspect,Bolt Action Rifle,80.515,0.615,-29.8,30.8,5819,0.005,4,92
assets/ui-suspect/bolt-0081_33s.wav,ui-suspect,Bolt Action Rifle,81.333,0.369,-26.7,33.9,4468,0.003,6,93
assets/hit/bolt-0082_33s.wav,hit,Bolt Action Rifle,82.329,0.186,-23.5,37.0,3633,0.081,2,94
assets/slide/bolt-0083_05s.wav,slide,Bolt Action Rifle,83.046,0.534,-12.7,47.9,2708,0.271,2,95
assets/slide/bolt-0083_72s.wav,slide,Bolt Action Rifle,83.722,1.051,-29.6,30.9,3083,0.022,10,96
assets/ui-suspect/bolt-0085_37s.wav,ui-suspect,Bolt Action Rifle,85.373,0.479,-15.5,45.1,3097,0.004,6,97
assets/slide/bolt-0086_33s.wav,slide,Bolt Action Rifle,86.334,0.549,-23.6,36.9,1549,0.011,3,98
assets/ui-suspect/bolt-0087_03s.wav,ui-suspect,Bolt Action Rifle,87.034,0.096,-17.1,43.4,3411,0.002,1,99
assets/click/bolt-0091_03s.wav,click,Bolt Action Rifle,91.03,0.128,-39.7,20.9,2184,0.088,2,100
assets/handle/bolt-0093_43s.wav,handle,Bolt Action Rifle,93.428,0.096,-42.6,18.0,2482,0.07,2,101
assets/ui-suspect/bolt-0115_81s.wav,ui-suspect,Bolt Action Rifle,115.815,0.093,-26.2,34.4,7714,0.002,1,102
assets/ui-suspect/bolt-0119_68s.wav,ui-suspect,Bolt Action Rifle,119.684,0.412,-20.2,40.3,4493,0.003,2,105
assets/ui-suspect/bolt-0121_94s.wav,ui-suspect,Bolt Action Rifle,121.945,0.296,-23.6,37.0,3912,0.006,2,107
assets/ui-suspect/bolt-0122_40s.wav,ui-suspect,Bolt Action Rifle,122.398,0.929,-11.9,48.6,4704,0.001,1,108
assets/slide/bolt-0123_84s.wav,slide,Bolt Action Rifle,123.843,1.12,-21.6,38.9,1573,0.473,6,109
assets/clunk/bolt-0125_61s.wav,clunk,Bolt Action Rifle,125.614,0.078,-20.5,40.1,868,0.381,1,110
assets/ui-suspect/bolt-0126_24s.wav,ui-suspect,Bolt Action Rifle,126.238,0.409,-29.8,30.8,2859,0.009,3,111
assets/click/bolt-0127_11s.wav,click,Bolt Action Rifle,127.108,0.07,-37.7,22.9,2457,0.04,1,112
assets/click/bolt-0127_34s.wav,click,Bolt Action Rifle,127.341,0.041,-39.6,21.0,2687,0.019,1,113
assets/hit/bolt-0127_53s.wav,hit,Bolt Action Rifle,127.526,0.229,-29.1,31.5,2848,0.016,2,114
assets/ui-suspect/bolt-0127_91s.wav,ui-suspect,Bolt Action Rifle,127.907,0.392,-39.1,21.5,3010,0.029,6,115
assets/slide/bolt-0128_72s.wav,slide,Bolt Action Rifle,128.722,0.325,-27.1,33.4,2657,0.013,1,116
assets/hit/bolt-0129_28s.wav,hit,Bolt Action Rifle,129.285,0.192,-37.0,23.6,2970,0.036,2,117
assets/clunk/bolt-0129_86s.wav,clunk,Bolt Action Rifle,129.86,0.2,-26.3,34.2,1025,0.438,1,118
assets/ui-suspect/bolt-0130_34s.wav,ui-suspect,Bolt Action Rifle,130.336,0.27,-11.8,48.8,4646,0.025,2,119
assets/ui-suspect/pump-0131_16s.wav,ui-suspect,Pump Shotgun,131.16,0.104,-35.3,26.0,3240,0.014,2,120
assets/hit/pump-0133_81s.wav,hit,Pump Shotgun,133.807,0.241,-26.1,35.2,6821,0.012,2,122
assets/ui-suspect/pump-0134_40s.wav,ui-suspect,Pump Shotgun,134.397,0.403,-20.3,41.1,4565,0.003,2,123
assets/ui-suspect/pump-0134_97s.wav,ui-suspect,Pump Shotgun,134.971,0.906,-16.3,45.0,6387,0.008,4,124
assets/slide/pump-0136_21s.wav,slide,Pump Shotgun,136.211,0.261,-25.1,36.2,3507,0.049,3,125
assets/slide/pump-0136_65s.wav,slide,Pump Shotgun,136.652,0.856,-17.3,44.0,3594,0.131,5,126
assets/slide/pump-0137_73s.wav,slide,Pump Shotgun,137.726,0.464,-26.1,35.2,991,0.412,1,127
assets/ratchet/pump-0138_38s.wav,ratchet,Pump Shotgun,138.385,0.319,-18.3,43.0,2846,0.057,5,128
assets/ratchet/pump-0138_83s.wav,ratchet,Pump Shotgun,138.832,0.186,-30.0,31.3,186,0.942,4,129
assets/slide/pump-0139_32s.wav,slide,Pump Shotgun,139.316,0.345,-16.4,44.9,2654,0.191,2,130
assets/slide/pump-0139_97s.wav,slide,Pump Shotgun,139.975,0.331,-16.7,44.6,2418,0.009,1,131
assets/slide/pump-0140_50s.wav,slide,Pump Shotgun,140.498,0.299,-23.2,38.1,4089,0.012,1,132
assets/ui-suspect/pump-0140_93s.wav,ui-suspect,Pump Shotgun,140.933,0.145,-18.5,42.8,4905,0.0,1,133
assets/click/pump-0141_25s.wav,click,Pump Shotgun,141.246,0.067,-33.7,27.6,3317,0.004,2,134
assets/slide/pump-0141_45s.wav,slide,Pump Shotgun,141.45,0.348,-27.2,34.1,4914,0.016,2,135
assets/hit/pump-0142_41s.wav,hit,Pump Shotgun,142.413,0.174,-14.9,46.4,2148,0.029,2,136
assets/clunk/pump-0144_97s.wav,clunk,Pump Shotgun,144.973,0.194,-34.7,26.6,1372,0.593,2,138
assets/click/pump-0145_50s.wav,click,Pump Shotgun,145.504,0.087,-26.8,34.5,2158,0.006,2,139
assets/ui-suspect/pump-0146_12s.wav,ui-suspect,Pump Shotgun,146.123,0.282,-12.5,48.8,3825,0.004,2,140
assets/click/pump-0149_39s.wav,click,Pump Shotgun,149.391,0.11,-37.9,23.4,2325,0.213,1,141
assets/click/pump-0153_03s.wav,click,Pump Shotgun,153.031,0.11,-26.1,35.2,7116,0.006,2,143
assets/ui-suspect/pump-0153_74s.wav,ui-suspect,Pump Shotgun,153.742,0.412,-19.6,41.7,4331,0.006,3,144
assets/ui-suspect/pump-0154_32s.wav,ui-suspect,Pump Shotgun,154.319,0.665,-16.7,44.6,5395,0.008,3,145
assets/click/pump-0157_03s.wav,click,Pump Shotgun,157.027,0.151,-40.6,20.7,3244,0.087,3,147
assets/click/pump-0157_37s.wav,click,Pump Shotgun,157.37,0.075,-34.0,27.3,3148,0.015,2,148
assets/clunk/pump-0157_58s.wav,clunk,Pump Shotgun,157.576,0.232,-19.4,42.0,460,0.801,1,149
assets/slide/pump-0158_40s.wav,slide,Pump Shotgun,158.397,0.279,-24.8,36.6,1305,0.054,2,150
assets/ratchet/pump-0159_05s.wav,ratchet,Pump Shotgun,159.047,0.682,-28.7,32.6,3015,0.022,8,151
assets/slide/pump-0160_50s.wav,slide,Pump Shotgun,160.505,0.505,-17.6,43.7,1577,0.095,4,152
assets/slide/pump-0161_57s.wav,slide,Pump Shotgun,161.573,0.267,-20.7,40.7,2547,0.114,1,153
assets/ui-suspect/pump-0162_54s.wav,ui-suspect,Pump Shotgun,162.539,0.734,-17.0,44.3,4096,0.005,2,154
assets/ui-suspect/pump-0163_52s.wav,ui-suspect,Pump Shotgun,163.52,0.139,-38.1,23.3,4150,0.017,3,155
assets/ui-suspect/pump-0163_84s.wav,ui-suspect,Pump Shotgun,163.842,0.566,-25.6,35.7,4477,0.013,3,156
assets/click/pump-0164_97s.wav,click,Pump Shotgun,164.969,0.128,-21.5,39.8,2160,0.026,2,157
assets/slide/pump-0165_44s.wav,slide,Pump Shotgun,165.439,1.03,-13.4,47.9,3560,0.062,5,158
assets/handle/pump-0166_64s.wav,handle,Pump Shotgun,166.643,0.046,-43.9,17.4,3249,0.046,1,159
assets/slide/pump-0166_96s.wav,slide,Pump Shotgun,166.96,0.403,-19.0,42.3,3183,0.013,1,160
assets/handle/pump-0167_49s.wav,handle,Pump Shotgun,167.488,0.099,-44.9,16.4,2072,0.111,2,161
assets/slide/pump-0167_72s.wav,slide,Pump Shotgun,167.717,0.665,-12.8,48.5,4403,0.002,2,162
assets/handle/pump-0175_12s.wav,handle,Pump Shotgun,175.119,0.055,-41.7,19.6,2097,0.023,2,163
assets/ui-suspect/bow-0195_67s.wav,ui-suspect,Bow,195.671,0.096,-26.2,35.1,7905,0.001,1,164
assets/long/bow-0196_60s.wav,long,Bow,196.597,0.917,-15.0,46.3,726,0.319,3,165
assets/ui-suspect/bow-0199_07s.wav,ui-suspect,Bow,199.073,0.418,-19.8,41.5,4529,0.003,2,166
assets/clunk/bow-0201_51s.wav,clunk,Bow,201.511,0.145,-37.3,23.9,555,0.4,1,169
assets/click/bow-0204_25s.wav,click,Bow,204.245,0.041,-40.7,20.6,3551,0.045,1,171
assets/click/bow-0204_41s.wav,click,Bow,204.411,0.128,-39.1,22.2,2770,0.052,2,172
assets/slide/bow-0204_73s.wav,slide,Bow,204.733,0.795,-22.8,38.5,2561,0.145,1,173
assets/handle/bow-0207_80s.wav,handle,Bow,207.804,0.163,-45.0,16.3,2794,0.083,5,175
assets/ratchet/bow-0208_12s.wav,ratchet,Bow,208.117,0.598,-16.6,44.6,819,0.438,5,176
assets/hit/bow-0208_86s.wav,hit,Bow,208.86,0.244,-22.8,38.5,1936,0.003,2,177
assets/handle/bow-0211_34s.wav,handle,Bow,211.336,0.046,-41.6,19.7,1360,0.032,1,179
assets/hit/bow-0212_42s.wav,hit,Bow,212.421,0.16,-32.6,28.7,2086,0.013,2,180
assets/slide/bow-0212_82s.wav,slide,Bow,212.822,0.255,-28.9,32.4,2141,0.07,2,181
assets/ui-suspect/bow-0213_35s.wav,ui-suspect,Bow,213.347,0.07,-29.6,31.7,4352,0.003,1,182
assets/hit/bow-0215_58s.wav,hit,Bow,215.576,0.258,-27.4,33.9,7328,0.005,2,183
assets/long/bow-0215_97s.wav,long,Bow,215.971,0.517,-16.5,44.8,718,0.436,2,184
assets/click/bow-0217_11s.wav,click,Bow,217.112,0.096,-26.4,34.9,7141,0.002,2,185
assets/ui-suspect/bow-0217_96s.wav,ui-suspect,Bow,217.957,0.406,-19.6,41.7,4524,0.003,2,186
assets/clunk/bow-0220_37s.wav,clunk,Bow,220.371,0.073,-19.9,41.4,378,0.485,1,188
assets/hit/bow-0220_63s.wav,hit,Bow,220.633,0.16,-28.3,32.9,2540,0.233,1,189
assets/slide/bow-0221_14s.wav,slide,Bow,221.138,0.505,-20.1,41.2,1894,0.046,2,190
assets/slide/bow-0222_03s.wav,slide,Bow,222.029,0.586,-22.9,38.4,3798,0.153,2,191
assets/clunk/bow-0222_81s.wav,clunk,Bow,222.812,0.136,-35.7,25.5,547,0.456,2,192
assets/clunk/bow-0223_09s.wav,clunk,Bow,223.085,0.186,-40.9,20.4,1579,0.383,3,193
assets/clunk/bow-0223_71s.wav,clunk,Bow,223.712,0.206,-23.8,37.5,429,0.676,2,194
assets/hit/bow-0224_91s.wav,hit,Bow,224.908,0.215,-15.2,46.0,1264,0.117,2,195
assets/hit/bow-0225_61s.wav,hit,Bow,225.613,0.302,-17.4,43.9,899,0.125,1,196
assets/ui-suspect/bow-0226_05s.wav,ui-suspect,Bow,226.046,0.116,-19.2,42.1,5432,0.0,1,197
assets/hit/bow-0229_14s.wav,hit,Bow,229.14,0.232,-11.7,49.5,1347,0.126,1,199
assets/hit/bow-0231_73s.wav,hit,Bow,231.726,0.258,-27.2,34.1,7295,0.002,2,200
assets/ratchet/bow-0232_15s.wav,ratchet,Bow,232.15,0.528,-14.8,46.5,621,0.358,4,201
assets/hit/bow-0233_20s.wav,hit,Bow,233.2,0.276,-26.2,35.1,6917,0.004,3,202
assets/ui-suspect/bow-0233_89s.wav,ui-suspect,Bow,233.894,0.403,-19.5,41.8,4573,0.003,2,203
assets/slide/bow-0236_97s.wav,slide,Bow,236.971,0.514,-20.3,41.0,1985,0.267,2,205
assets/slide/bow-0237_75s.wav,slide,Bow,237.754,1.19,-22.3,39.0,1292,0.204,3,206
assets/slide/bow-0239_43s.wav,slide,Bow,239.432,0.447,-30.2,31.1,926,0.37,2,207
assets/slide/bow-0240_32s.wav,slide,Bow,240.317,1.181,-18.9,42.4,1191,0.246,7,208
assets/ratchet/bow-0242_14s.wav,ratchet,Bow,242.143,0.578,-22.5,38.8,2670,0.388,4,209
assets/slide/bow-0243_47s.wav,slide,Bow,243.467,1.132,-15.6,45.6,1019,0.259,4,210
assets/click/sapistol-0276_82s.wav,click,Semi Auto Pistol,276.822,0.055,-32.5,29.9,7602,0.003,1,216
assets/ui-suspect/sapistol-0278_45s.wav,ui-suspect,Semi Auto Pistol,278.447,0.45,-29.9,32.5,3774,0.012,6,217
assets/hit/sapistol-0279_27s.wav,hit,Semi Auto Pistol,279.269,0.157,-23.6,38.7,1999,0.035,1,218
assets/ui-suspect/sapistol-0279_61s.wav,ui-suspect,Semi Auto Pistol,279.611,0.165,-19.4,43.0,4060,0.0,1,219
assets/ui-suspect/sapistol-0279_93s.wav,ui-suspect,Semi Auto Pistol,279.928,0.049,-33.0,29.4,4976,0.005,1,220
assets/hit/sapistol-0280_34s.wav,hit,Semi Auto Pistol,280.337,0.189,-15.4,46.9,443,0.093,1,221
assets/click/sapistol-0285_04s.wav,click,Semi Auto Pistol,285.039,0.087,-32.2,30.1,7093,0.016,2,222
assets/click/sapistol-0285_28s.wav,click,Semi Auto Pistol,285.277,0.093,-32.6,29.7,6981,0.013,2,223
assets/click/sapistol-0285_51s.wav,click,Semi Auto Pistol,285.515,0.09,-32.5,29.9,7107,0.008,2,224
assets/handle/sapistol-0285_97s.wav,handle,Semi Auto Pistol,285.974,0.107,-48.3,14.0,198,0.816,3,225
assets/hit/sapistol-0286_21s.wav,hit,Semi Auto Pistol,286.212,0.337,-32.2,30.1,6509,0.065,4,226
assets/slide/sapistol-0286_68s.wav,slide,Semi Auto Pistol,286.682,0.456,-31.8,30.6,1794,0.538,2,227
assets/hit/sapistol-0290_36s.wav,hit,Semi Auto Pistol,290.362,0.215,-33.8,28.6,4411,0.048,1,229
assets/long/sapistol-0291_08s.wav,long,Semi Auto Pistol,291.076,0.406,-24.7,37.7,6246,0.012,4,231
assets/handle/sapistol-0294_17s.wav,handle,Semi Auto Pistol,294.167,0.049,-47.6,14.8,307,0.574,3,233
assets/slide/sapistol-0294_54s.wav,slide,Semi Auto Pistol,294.542,1.022,-20.5,41.8,1137,0.416,3,234
assets/ratchet/sapistol-0295_77s.wav,ratchet,Semi Auto Pistol,295.772,0.194,-48.8,13.6,1146,0.356,4,235
assets/click/sapistol-0296_13s.wav,click,Semi Auto Pistol,296.126,0.113,-39.8,22.6,2681,0.13,1,236
assets/ratchet/sapistol-0296_37s.wav,ratchet,Semi Auto Pistol,296.37,0.197,-47.7,14.6,2015,0.323,5,237
assets/handle/sapistol-0296_80s.wav,handle,Semi Auto Pistol,296.8,0.049,-45.0,17.4,1413,0.079,1,238
assets/handle/sapistol-0297_64s.wav,handle,Semi Auto Pistol,297.639,0.168,-45.2,17.2,2309,0.22,3,239
assets/handle/sapistol-0297_98s.wav,handle,Semi Auto Pistol,297.975,0.139,-43.5,18.9,2889,0.202,2,240
assets/hit/sapistol-0298_83s.wav,hit,Semi Auto Pistol,298.835,0.061,-30.1,32.2,1338,0.048,1,241
assets/slide/sapistol-0299_07s.wav,slide,Semi Auto Pistol,299.07,0.43,-21.3,41.1,4503,0.017,1,242
assets/slide/sapistol-0299_78s.wav,slide,Semi Auto Pistol,299.784,0.731,-20.7,41.7,3202,0.077,2,243
assets/ui-suspect/sapistol-0302_42s.wav,ui-suspect,Semi Auto Pistol,302.422,0.508,-29.8,32.5,4551,0.006,5,244
assets/hit/sapistol-0303_23s.wav,hit,Semi Auto Pistol,303.232,0.16,-26.0,36.4,2354,0.075,2,245
assets/ui-suspect/sapistol-0303_57s.wav,ui-suspect,Semi Auto Pistol,303.574,0.189,-20.8,41.6,4282,0.001,2,246
assets/handle/sapistol-0304_10s.wav,handle,Semi Auto Pistol,304.103,0.067,-42.6,19.7,4409,0.054,2,247
assets/hit/sapistol-0304_34s.wav,hit,Semi Auto Pistol,304.338,0.311,-17.5,44.8,616,0.098,2,248
assets/click/sapistol-0305_36s.wav,click,Semi Auto Pistol,305.356,0.084,-32.3,30.0,7084,0.004,2,249
assets/ui-suspect/sapistol-0306_44s.wav,ui-suspect,Semi Auto Pistol,306.445,0.398,-26.2,36.2,4473,0.006,4,250
assets/ui-suspect/sapistol-0307_09s.wav,ui-suspect,Semi Auto Pistol,307.092,0.943,-22.8,39.5,4807,0.068,5,251
assets/slide/sapistol-0308_25s.wav,slide,Semi Auto Pistol,308.247,0.311,-30.3,32.0,3556,0.016,3,252
assets/slide/sapistol-0308_99s.wav,slide,Semi Auto Pistol,308.985,0.377,-21.0,41.4,2297,0.004,1,253
assets/hit/sapistol-0309_56s.wav,hit,Semi Auto Pistol,309.556,0.163,-25.6,36.8,2240,0.069,1,254
assets/hit/sapistol-0309_89s.wav,hit,Semi Auto Pistol,309.887,0.247,-37.3,25.1,3720,0.053,1,255
assets/ui-suspect/sapistol-0310_63s.wav,ui-suspect,Semi Auto Pistol,310.63,0.067,-27.3,35.0,4585,0.003,1,256
assets/ui-suspect/sapistol-0310_87s.wav,ui-suspect,Semi Auto Pistol,310.874,0.714,-31.5,30.8,4605,0.01,7,257
assets/ui-suspect/sapistol-0312_07s.wav,ui-suspect,Semi Auto Pistol,312.067,0.641,-28.7,33.6,4321,0.012,2,258
assets/ui-suspect/sapistol-0312_99s.wav,ui-suspect,Semi Auto Pistol,312.987,0.104,-36.4,25.9,4348,0.005,2,259
assets/hit/sapistol-0313_69s.wav,hit,Semi Auto Pistol,313.692,0.192,-27.2,35.1,1269,0.053,2,260
assets/ratchet/sapistol-0314_24s.wav,ratchet,Semi Auto Pistol,314.235,0.223,-29.1,33.2,1775,0.202,4,261
assets/click/sapistol-0315_04s.wav,click,Semi Auto Pistol,315.039,0.058,-37.4,24.9,5032,0.009,1,262
assets/handle/sapistol-0315_42s.wav,handle,Semi Auto Pistol,315.419,0.07,-42.6,19.7,998,0.161,2,263
assets/handle/sapistol-0315_68s.wav,handle,Semi Auto Pistol,315.678,0.049,-44.6,17.7,3219,0.05,2,264
assets/hit/sapistol-0316_24s.wav,hit,Semi Auto Pistol,316.238,0.244,-30.9,31.5,1479,0.09,2,265
assets/hit/sapistol-0316_70s.wav,hit,Semi Auto Pistol,316.699,0.203,-27.2,35.1,1040,0.126,2,266
assets/slide/sapistol-0317_25s.wav,slide,Semi Auto Pistol,317.251,0.273,-21.2,41.1,3823,0.029,2,267
assets/click/sapistol-0318_00s.wav,click,Semi Auto Pistol,318.003,0.157,-24.3,38.1,4420,0.021,1,268
assets/ui-suspect/sapistol-0318_39s.wav,ui-suspect,Semi Auto Pistol,318.392,0.293,-17.2,45.1,5726,0.004,1,269
assets/click/sapistol-0320_39s.wav,click,Semi Auto Pistol,320.386,0.102,-33.3,29.0,7199,0.005,2,270
assets/ui-suspect/sapistol-0320_61s.wav,ui-suspect,Semi Auto Pistol,320.612,0.305,-29.9,32.5,4190,0.01,2,271
assets/hit/sapistol-0321_20s.wav,hit,Semi Auto Pistol,321.201,0.218,-24.4,37.9,1694,0.059,3,272
assets/ui-suspect/sapistol-0321_56s.wav,ui-suspect,Semi Auto Pistol,321.561,0.357,-19.4,42.9,4905,0.004,2,273
assets/slide/sapistol-0322_14s.wav,slide,Semi Auto Pistol,322.139,0.403,-18.6,43.7,1072,0.212,2,274
assets/click/sapistol-0323_27s.wav,click,Semi Auto Pistol,323.274,0.064,-38.2,24.1,7836,0.01,1,275
assets/click/sapistol-0323_70s.wav,click,Semi Auto Pistol,323.697,0.102,-32.5,29.8,6998,0.015,2,276
assets/ui-suspect/sapistol-0324_63s.wav,ui-suspect,Semi Auto Pistol,324.626,0.395,-25.8,36.6,4579,0.003,3,277
assets/ui-suspect/sapistol-0325_27s.wav,ui-suspect,Semi Auto Pistol,325.273,0.531,-23.0,39.4,5332,0.006,3,278
assets/click/sapistol-0326_04s.wav,click,Semi Auto Pistol,326.04,0.084,-27.1,35.3,2860,0.089,1,279
assets/slide/sapistol-0326_26s.wav,slide,Semi Auto Pistol,326.257,0.25,-35.4,27.0,2727,0.051,3,280
assets/long/sapistol-0326_91s.wav,long,Semi Auto Pistol,326.913,0.401,-21.3,41.1,819,0.239,2,281
assets/ui-suspect/sapistol-0327_84s.wav,ui-suspect,Semi Auto Pistol,327.842,0.308,-25.6,36.8,4099,0.009,2,282
assets/click/sapistol-0328_39s.wav,click,Semi Auto Pistol,328.391,0.136,-36.3,26.1,3041,0.009,2,283
assets/click/sapistol-0328_92s.wav,click,Semi Auto Pistol,328.916,0.125,-30.2,32.2,3591,0.002,1,284
assets/ui-suspect/sapistol-0329_24s.wav,ui-suspect,Semi Auto Pistol,329.244,0.067,-20.1,42.2,5137,0.0,1,285
assets/click/sapistol-0329_57s.wav,click,Semi Auto Pistol,329.575,0.075,-41.9,20.4,3734,0.124,2,286
assets/click/sapistol-0329_95s.wav,click,Semi Auto Pistol,329.952,0.061,-35.8,26.5,3779,0.064,1,287
assets/click/sapistol-0330_40s.wav,click,Semi Auto Pistol,330.399,0.157,-34.7,27.7,4455,0.028,2,288
assets/slide/sapistol-0330_88s.wav,slide,Semi Auto Pistol,330.884,0.255,-24.2,38.2,1649,0.132,1,289
assets/ui-suspect/sapistol-0331_55s.wav,ui-suspect,Semi Auto Pistol,331.551,0.244,-23.4,38.9,3505,0.005,3,290
assets/ui-suspect/sapistol-0332_12s.wav,ui-suspect,Semi Auto Pistol,332.123,0.183,-18.8,43.6,5126,0.001,1,291
assets/ui-suspect/sapistol-0332_48s.wav,ui-suspect,Semi Auto Pistol,332.477,0.134,-17.3,45.0,5096,0.002,1,292
assets/handle/sapistol-0334_83s.wav,handle,Semi Auto Pistol,334.828,0.174,-47.0,15.3,1115,0.051,1,294
assets/slide/sapistol-0339_17s.wav,slide,Semi Auto Pistol,339.17,0.694,-16.2,46.1,1083,0.053,3,297
assets/click/sapistol-0340_49s.wav,click,Semi Auto Pistol,340.491,0.061,-37.9,24.4,7995,0.005,1,298
assets/click/sapistol-0340_82s.wav,click,Semi Auto Pistol,340.825,0.064,-37.6,24.8,7882,0.016,1,299
assets/click/sapistol-0341_09s.wav,click,Semi Auto Pistol,341.086,0.087,-32.5,29.8,7000,0.004,2,300
assets/ui-suspect/sapistol-0342_48s.wav,ui-suspect,Semi Auto Pistol,342.476,0.401,-25.9,36.4,4444,0.006,2,301
assets/ui-suspect/sapistol-0343_12s.wav,ui-suspect,Semi Auto Pistol,343.124,0.615,-22.5,39.9,5842,0.008,3,302
assets/long/sapistol-0344_46s.wav,long,Semi Auto Pistol,344.462,1.112,-18.7,43.7,700,0.0,8,303
assets/ui-suspect/sapistol-0347_35s.wav,ui-suspect,Semi Auto Pistol,347.353,0.134,-31.2,31.2,5390,0.005,2,304
assets/hit/sapistol-0348_13s.wav,hit,Semi Auto Pistol,348.13,0.197,-24.0,38.4,1266,0.109,2,305
assets/long/sapistol-0350_50s.wav,long,Semi Auto Pistol,350.505,0.372,-26.6,35.7,758,0.391,4,306
assets/click/sapistol-0351_30s.wav,click,Semi Auto Pistol,351.3,0.148,-42.0,20.3,3699,0.126,2,307
assets/ui-suspect/sapistol-0351_84s.wav,ui-suspect,Semi Auto Pistol,351.837,0.299,-20.4,42.0,3723,0.004,2,308
assets/ui-suspect/sapistol-0352_57s.wav,ui-suspect,Semi Auto Pistol,352.571,0.464,-17.7,44.7,5305,0.005,3,309
assets/ui-suspect/revolver-0388_06s.wav,ui-suspect,Revolver,388.057,0.096,-26.4,33.9,7811,0.002,1,310
assets/slide/revolver-0388_96s.wav,slide,Revolver,388.96,0.566,-18.2,42.1,3892,0.009,3,311
assets/long/revolver-0389_79s.wav,long,Revolver,389.793,0.543,-20.9,39.4,7076,0.001,1,312
assets/slide/revolver-0390_50s.wav,slide,Revolver,390.495,0.525,-18.4,41.9,1735,0.234,3,313
assets/slide/revolver-0391_32s.wav,slide,Revolver,391.325,0.496,-16.3,44.0,1181,0.161,1,314
assets/ui-suspect/revolver-0392_91s.wav,ui-suspect,Revolver,392.913,0.415,-19.7,40.6,4513,0.004,4,315
assets/ui-suspect/revolver-0393_50s.wav,ui-suspect,Revolver,393.496,0.636,-15.7,44.6,4863,0.008,3,316
assets/hit/revolver-0394_37s.wav,hit,Revolver,394.37,0.284,-18.0,42.3,866,0.149,2,317
assets/slide/revolver-0395_04s.wav,slide,Revolver,395.038,0.386,-29.6,30.7,4010,0.2,3,318
assets/click/revolver-0395_92s.wav,click,Revolver,395.917,0.07,-27.7,32.7,4810,0.013,2,319
assets/long/revolver-0397_30s.wav,long,Revolver,397.302,0.688,-20.4,39.9,5170,0.134,3,322
assets/clunk/revolver-0398_20s.wav,clunk,Revolver,398.204,0.11,-21.9,38.4,473,0.486,1,323
assets/click/revolver-0398_84s.wav,click,Revolver,398.843,0.052,-35.1,25.3,3705,0.014,2,324
assets/click/revolver-0399_60s.wav,click,Revolver,399.6,0.064,-37.1,23.2,4453,0.018,1,325
assets/ui-suspect/revolver-0400_29s.wav,ui-suspect,Revolver,400.288,0.067,-45.8,14.5,3654,0.036,2,326
assets/ratchet/revolver-0400_84s.wav,ratchet,Revolver,400.84,0.334,-42.9,17.5,4226,0.06,4,327
assets/handle/revolver-0401_53s.wav,handle,Revolver,401.528,0.041,-44.7,15.6,3067,0.038,1,328
assets/hit/revolver-0401_77s.wav,hit,Revolver,401.774,0.226,-38.7,21.6,4273,0.025,2,329
assets/ui-suspect/revolver-0402_39s.wav,ui-suspect,Revolver,402.393,0.372,-18.2,42.1,5142,0.006,2,330
assets/ui-suspect/revolver-0404_83s.wav,ui-suspect,Revolver,404.828,0.639,-20.2,40.2,4451,0.009,3,331
assets/long/revolver-0406_57s.wav,long,Revolver,406.572,0.517,-15.1,45.2,893,0.189,4,333
assets/ui-suspect/revolver-0407_75s.wav,ui-suspect,Revolver,407.745,0.403,-20.5,39.8,4530,0.003,4,334
assets/ui-suspect/revolver-0408_39s.wav,ui-suspect,Revolver,408.389,0.557,-16.5,43.9,5341,0.008,3,335
assets/long/revolver-0409_18s.wav,long,Revolver,409.182,0.421,-20.4,39.9,804,0.367,3,336
assets/slide/revolver-0409_86s.wav,slide,Revolver,409.855,0.386,-29.9,30.4,3927,0.215,3,337
assets/click/revolver-0410_73s.wav,click,Revolver,410.731,0.067,-27.4,32.9,4900,0.011,2,338
assets/long/revolver-0412_12s.wav,long,Revolver,412.119,0.682,-22.1,38.3,5145,0.142,4,341
assets/clunk/revolver-0413_02s.wav,clunk,Revolver,413.019,0.151,-19.9,40.4,252,0.848,1,342
assets/click/revolver-0413_66s.wav,click,Revolver,413.66,0.052,-34.7,25.6,3738,0.006,2,343
assets/hit/revolver-0413_96s.wav,hit,Revolver,413.959,0.09,-34.1,26.2,1703,0.054,2,344
assets/ui-suspect/revolver-0414_23s.wav,ui-suspect,Revolver,414.229,0.253,-37.9,22.4,4031,0.033,3,345
assets/handle/revolver-0414_61s.wav,handle,Revolver,414.612,0.055,-44.2,16.1,3447,0.03,3,346
assets/click/revolver-0415_02s.wav,click,Revolver,415.018,0.061,-34.3,26.0,3919,0.024,1,347
assets/ratchet/revolver-0415_23s.wav,ratchet,Revolver,415.23,0.2,-43.8,16.5,3381,0.043,6,348
assets/hit/revolver-0415_64s.wav,hit,Revolver,415.643,0.07,-39.7,20.7,1680,0.047,1,349
assets/ratchet/revolver-0416_06s.wav,ratchet,Revolver,416.055,0.308,-43.6,16.7,3292,0.039,7,350
assets/click/revolver-0416_60s.wav,click,Revolver,416.603,0.044,-39.9,20.4,2111,0.053,1,351
assets/click/revolver-0416_81s.wav,click,Revolver,416.806,0.102,-37.7,22.6,3958,0.022,1,352
assets/ui-suspect/revolver-0417_25s.wav,ui-suspect,Revolver,417.25,0.331,-16.0,44.3,5742,0.003,2,353
assets/slide/revolver-0419_81s.wav,slide,Revolver,419.808,0.673,-17.5,42.8,3856,0.011,3,354
assets/handle/revolver-0420_63s.wav,handle,Revolver,420.629,0.099,-45.7,14.6,3990,0.117,2,355
assets/hit/revolver-0421_56s.wav,hit,Revolver,421.555,0.189,-15.0,45.3,877,0.102,1,356
assets/hit/revolver-0421_91s.wav,hit,Revolver,421.906,0.183,-31.1,29.2,6546,0.028,1,357
assets/click/revolver-0422_28s.wav,click,Revolver,422.281,0.096,-26.8,33.6,7150,0.001,2,358
assets/ui-suspect/revolver-0422_86s.wav,ui-suspect,Revolver,422.855,0.403,-20.7,39.6,4594,0.004,4,359
assets/ui-suspect/revolver-0423_50s.wav,ui-suspect,Revolver,423.5,0.56,-16.9,43.4,5480,0.009,3,360
assets/hit/revolver-0424_21s.wav,hit,Revolver,424.214,0.052,-36.8,23.5,1698,0.103,1,361
assets/hit/revolver-0424_39s.wav,hit,Revolver,424.394,0.232,-18.8,41.5,416,0.344,2,362
assets/slide/revolver-0424_99s.wav,slide,Revolver,424.991,0.282,-20.4,39.9,1209,0.027,3,363
assets/handle/revolver-0425_43s.wav,handle,Revolver,425.427,0.163,-42.9,17.4,1434,0.275,2,364
assets/slide/revolver-0427_52s.wav,slide,Revolver,427.525,0.299,-27.4,33.0,3065,0.021,2,366
assets/clunk/revolver-0428_14s.wav,clunk,Revolver,428.141,0.316,-24.2,36.1,455,0.834,2,367
assets/ui-suspect/revolver-0429_17s.wav,ui-suspect,Revolver,429.168,0.232,-17.1,43.3,4295,0.0,1,368
assets/hit/revolver-0429_57s.wav,hit,Revolver,429.572,0.247,-16.6,43.7,4550,0.002,3,369
assets/ui-suspect/revolver-0430_50s.wav,ui-suspect,Revolver,430.495,0.287,-23.9,36.4,5147,0.01,1,370
assets/ui-suspect/revolver-0431_47s.wav,ui-suspect,Revolver,431.47,0.299,-17.3,43.0,4465,0.007,1,371
assets/click/revolver-0432_21s.wav,click,Revolver,432.213,0.131,-31.7,28.6,3094,0.013,2,372
assets/hit/revolver-0434_81s.wav,hit,Revolver,434.808,0.253,-27.0,33.3,7306,0.004,3,373
assets/click/revolver-0435_23s.wav,click,Revolver,435.231,0.139,-18.1,42.2,4075,0.009,1,374
assets/click/revolver-0435_51s.wav,click,Revolver,435.51,0.11,-35.1,25.2,2584,0.046,2,375
assets/slide/revolver-0435_81s.wav,slide,Revolver,435.815,0.372,-22.8,37.6,3409,0.003,3,376
assets/slide/revolver-0436_35s.wav,slide,Revolver,436.346,0.729,-18.0,42.3,2518,0.175,4,377
assets/slide/revolver-0437_25s.wav,slide,Revolver,437.249,0.412,-14.6,45.7,939,0.195,2,378
assets/click/revolver-0438_07s.wav,click,Revolver,438.067,0.07,-30.9,29.5,7347,0.037,1,379
assets/click/revolver-0438_38s.wav,click,Revolver,438.381,0.07,-32.2,28.1,8004,0.003,1,380
assets/click/revolver-0438_76s.wav,click,Revolver,438.758,0.093,-26.4,33.9,7153,0.001,2,381
assets/ui-suspect/revolver-0439_91s.wav,ui-suspect,Revolver,439.913,0.406,-19.8,40.6,4508,0.003,2,382
assets/slide/revolver-0440_56s.wav,slide,Revolver,440.56,0.853,-16.6,43.7,4492,0.114,3,383
assets/slide/revolver-0441_94s.wav,slide,Revolver,441.942,0.374,-28.9,31.4,1838,0.416,2,384
assets/click/revolver-0442_58s.wav,click,Revolver,442.583,0.099,-22.9,37.4,3507,0.029,1,385
assets/ui-suspect/revolver-0443_25s.wav,ui-suspect,Revolver,443.248,0.226,-17.3,43.0,4466,0.002,2,386
assets/click/revolver-0443_87s.wav,click,Revolver,443.872,0.154,-29.6,30.7,3279,0.005,1,387
assets/ui-suspect/revolver-0444_37s.wav,ui-suspect,Revolver,444.368,0.096,-23.3,37.0,3442,0.002,1,388
assets/ui-suspect/revolver-0444_94s.wav,ui-suspect,Revolver,444.943,0.128,-17.2,43.1,4370,0.003,1,389
assets/click/revolver-0445_33s.wav,click,Revolver,445.335,0.064,-36.9,23.4,3377,0.055,1,390
assets/ui-suspect/revolver-0445_53s.wav,ui-suspect,Revolver,445.532,0.197,-14.5,45.9,4452,0.001,1,391
assets/ui-suspect/revolver-0446_57s.wav,ui-suspect,Revolver,446.566,0.264,-17.5,42.8,4604,0.006,1,392
assets/handle/revolver-0473_51s.wav,handle,Revolver,473.51,0.102,-45.6,14.8,218,0.947,3,393
assets/handle/sar-0478_10s.wav,handle,Semi Auto Rifle,478.101,0.093,-38.1,15.3,135,0.96,3,396
assets/click/sar-0491_03s.wav,click,Semi Auto Rifle,491.032,0.075,-31.1,22.3,7668,0.026,1,398
assets/slide/sar-0491_48s.wav,slide,Semi Auto Rifle,491.479,1.057,-27.0,26.3,2337,0.151,10,399
assets/ratchet/sar-0492_83s.wav,ratchet,Semi Auto Rifle,492.831,0.401,-26.4,26.9,1578,0.11,4,400
assets/slide/sar-0493_36s.wav,slide,Semi Auto Rifle,493.363,0.441,-28.5,24.9,1853,0.077,4,401
assets/handle/sar-0494_00s.wav,handle,Semi Auto Rifle,494.001,0.096,-33.7,19.7,6568,0.089,2,402
assets/slide/sar-0494_33s.wav,slide,Semi Auto Rifle,494.332,0.25,-19.1,34.3,3314,0.018,2,403
assets/slide/sar-0494_73s.wav,slide,Semi Auto Rifle,494.727,0.575,-13.4,40.0,3527,0.103,2,404
assets/click/sar-0495_56s.wav,click,Semi Auto Rifle,495.56,0.067,-30.5,22.8,2446,0.094,2,405
assets/long/sar-0495_80s.wav,long,Semi Auto Rifle,495.795,0.583,-13.0,40.3,499,0.715,2,406
assets/slide/sar-0498_18s.wav,slide,Semi Auto Rifle,498.175,0.38,-25.7,27.7,3905,0.118,3,407
assets/long/sar-0498_97s.wav,long,Semi Auto Rifle,498.97,0.398,-22.3,31.1,6112,0.132,3,408
assets/handle/sar-0499_49s.wav,handle,Semi Auto Rifle,499.493,0.061,-35.8,17.6,1865,0.146,2,409
assets/hit/sar-0499_88s.wav,hit,Semi Auto Rifle,499.876,0.09,-31.3,22.1,1284,0.177,1,410
assets/click/sar-0500_12s.wav,click,Semi Auto Rifle,500.125,0.099,-22.5,30.8,2262,0.039,1,411
assets/slide/sar-0500_40s.wav,slide,Semi Auto Rifle,500.404,0.363,-25.2,28.2,1079,0.561,2,412
assets/clunk/sar-0500_92s.wav,clunk,Semi Auto Rifle,500.921,0.07,-30.6,22.7,849,0.521,1,413
assets/clunk/sar-0501_53s.wav,clunk,Semi Auto Rifle,501.527,0.18,-27.2,26.2,452,0.798,1,414
assets/hit/sar-0501_92s.wav,hit,Semi Auto Rifle,501.922,0.16,-28.1,25.3,2163,0.242,3,415
assets/click/sar-0502_36s.wav,click,Semi Auto Rifle,502.355,0.151,-27.1,26.3,2084,0.048,2,416
assets/handle/sar-0504_10s.wav,handle,Semi Auto Rifle,504.096,0.302,-35.2,18.1,320,0.903,1,419
assets/clunk/sar-0504_53s.wav,clunk,Semi Auto Rifle,504.534,0.148,-28.7,24.6,2268,0.438,1,420
assets/handle/sar-0505_05s.wav,handle,Semi Auto Rifle,505.048,0.174,-35.1,18.2,754,0.764,1,421
assets/hit/sar-0505_42s.wav,hit,Semi Auto Rifle,505.417,0.128,-32.5,20.8,3453,0.314,2,422
assets/hit/sar-0506_16s.wav,hit,Semi Auto Rifle,506.157,0.128,-23.9,29.4,1600,0.1,2,423
assets/ratchet/sar-0507_12s.wav,ratchet,Semi Auto Rifle,507.123,0.119,-38.0,15.4,156,0.964,4,424
assets/slide/sar-0507_48s.wav,slide,Semi Auto Rifle,507.48,1.025,-18.5,34.8,1927,0.334,2,425
assets/clunk/sar-0508_70s.wav,clunk,Semi Auto Rifle,508.702,0.238,-32.2,21.1,3407,0.368,1,426
assets/slide/sar-0509_10s.wav,slide,Semi Auto Rifle,509.103,0.525,-19.1,34.2,3548,0.209,3,427
assets/ratchet/sar-0509_81s.wav,ratchet,Semi Auto Rifle,509.808,0.11,-39.7,13.6,153,0.979,4,428
assets/ui-suspect/sar-0510_06s.wav,ui-suspect,Semi Auto Rifle,510.058,0.508,-11.4,41.9,4471,0.008,2,429
assets/click/sar-0515_74s.wav,click,Semi Auto Rifle,515.738,0.145,-33.4,20.0,6537,0.125,2,432
assets/slide/sar-0516_05s.wav,slide,Semi Auto Rifle,516.048,0.952,-13.4,39.9,1819,0.135,3,433
assets/hit/sar-0517_23s.wav,hit,Semi Auto Rifle,517.227,0.165,-27.0,26.3,1456,0.158,1,434
assets/long/sar-0517_54s.wav,long,Semi Auto Rifle,517.543,0.508,-13.6,39.7,679,0.472,5,435
assets/click/sar-0518_35s.wav,click,Semi Auto Rifle,518.353,0.058,-32.7,20.6,6711,0.045,2,436
assets/slide/sar-0518_96s.wav,slide,Semi Auto Rifle,518.96,0.279,-26.2,27.2,3811,0.09,2,437
assets/ui-suspect/sar-0519_74s.wav,ui-suspect,Semi Auto Rifle,519.74,0.354,-22.7,30.6,5953,0.048,3,438
assets/slide/sar-0520_22s.wav,slide,Semi Auto Rifle,520.222,0.456,-28.8,24.5,1451,0.355,2,439
assets/clunk/sar-0521_22s.wav,clunk,Semi Auto Rifle,521.218,0.218,-30.9,22.4,653,0.451,2,440
assets/slide/sar-0523_44s.wav,slide,Semi Auto Rifle,523.441,0.383,-22.5,30.9,4247,0.023,2,441
assets/slide/sar-0524_18s.wav,slide,Semi Auto Rifle,524.178,0.325,-20.6,32.7,1135,0.149,2,442
assets/slide/sar-0524_83s.wav,slide,Semi Auto Rifle,524.829,0.447,-15.9,37.4,1066,0.303,2,443
assets/slide/sar-0525_66s.wav,slide,Semi Auto Rifle,525.659,0.618,-20.6,32.7,1404,0.111,3,444
assets/ui-suspect/sar-0526_76s.wav,ui-suspect,Semi Auto Rifle,526.759,0.624,-16.1,37.3,3798,0.009,3,445
assets/handle/sar-0527_74s.wav,handle,Semi Auto Rifle,527.737,0.218,-35.8,17.5,1820,0.25,3,446
assets/ui-suspect/sar-0528_72s.wav,ui-suspect,Semi Auto Rifle,528.718,0.154,-22.1,31.2,4160,0.01,2,447
assets/ui-suspect/sar-0529_04s.wav,ui-suspect,Semi Auto Rifle,529.043,0.18,-13.2,40.1,3609,0.003,2,448
assets/click/sar-0530_02s.wav,click,Semi Auto Rifle,530.024,0.148,-30.3,23.0,2336,0.249,1,449
assets/ratchet/sar-0532_41s.wav,ratchet,Semi Auto Rifle,532.41,0.627,-24.4,29.0,2936,0.162,7,450
assets/hit/sar-0533_22s.wav,hit,Semi Auto Rifle,533.217,0.107,-19.6,33.8,1371,0.212,2,451
assets/ui-suspect/sar-0533_46s.wav,ui-suspect,Semi Auto Rifle,533.455,0.401,-13.7,39.6,5447,0.003,2,452
assets/hit/sar-0534_05s.wav,hit,Semi Auto Rifle,534.047,0.067,-33.1,20.2,1924,0.064,2,453
assets/long/sar-0534_30s.wav,long,Semi Auto Rifle,534.296,0.601,-13.2,40.2,756,0.592,2,454
assets/click/sar-0535_59s.wav,click,Semi Auto Rifle,535.588,0.055,-32.6,20.7,7052,0.023,2,455
assets/ui-suspect/sar-0536_17s.wav,ui-suspect,Semi Auto Rifle,536.166,0.279,-25.8,27.5,3809,0.051,2,456
assets/ui-suspect/sar-0536_96s.wav,ui-suspect,Semi Auto Rifle,536.961,0.34,-22.9,30.5,6030,0.019,3,457
assets/hit/sar-0537_82s.wav,hit,Semi Auto Rifle,537.82,0.09,-30.2,23.2,1450,0.178,1,458
assets/click/sar-0538_20s.wav,click,Semi Auto Rifle,538.2,0.113,-24.8,28.5,2360,0.013,1,459
assets/clunk/sar-0540_00s.wav,clunk,Semi Auto Rifle,540.0,0.096,-25.4,27.9,787,0.67,1,460
assets/hit/sar-0540_52s.wav,hit,Semi Auto Rifle,540.525,0.235,-20.9,32.4,4375,0.067,1,461
assets/clunk/sar-0541_28s.wav,clunk,Semi Auto Rifle,541.28,0.052,-31.7,21.6,159,0.973,1,462
assets/handle/sar-0543_76s.wav,handle,Semi Auto Rifle,543.756,0.078,-37.8,15.5,348,0.827,2,463
assets/handle/sar-0544_08s.wav,handle,Semi Auto Rifle,544.078,0.128,-37.9,15.4,1655,0.356,2,464
assets/slide/sar-0544_70s.wav,slide,Semi Auto Rifle,544.699,0.273,-25.3,28.1,1999,0.082,2,465
assets/ui-suspect/sar-0545_36s.wav,ui-suspect,Semi Auto Rifle,545.364,0.148,-23.2,30.1,3503,0.012,3,466
assets/ui-suspect/sar-0545_82s.wav,ui-suspect,Semi Auto Rifle,545.816,0.102,-17.8,35.5,3826,0.005,1,467
assets/ui-suspect/sar-0546_36s.wav,ui-suspect,Semi Auto Rifle,546.359,0.435,-14.2,39.1,4073,0.006,3,468
assets/slide/sar-0550_98s.wav,slide,Semi Auto Rifle,550.983,0.679,-19.1,34.2,2894,0.035,2,469
assets/slide/sar-0551_79s.wav,slide,Semi Auto Rifle,551.79,0.569,-13.8,39.5,3677,0.114,2,470
assets/click/sar-0552_66s.wav,click,Semi Auto Rifle,552.661,0.046,-32.0,21.3,2120,0.208,1,471
assets/long/sar-0552_84s.wav,long,Semi Auto Rifle,552.843,0.711,-13.1,40.3,466,0.75,3,472
assets/handle/sar-0553_93s.wav,handle,Semi Auto Rifle,553.926,0.044,-36.9,16.4,5738,0.039,1,473
assets/handle/sar-0554_24s.wav,handle,Semi Auto Rifle,554.242,0.113,-36.2,17.1,3228,0.054,1,474
assets/click/sar-0554_57s.wav,click,Semi Auto Rifle,554.573,0.058,-31.8,21.5,5817,0.049,2,475
assets/ratchet/sar-0555_21s.wav,ratchet,Semi Auto Rifle,555.212,0.279,-26.4,27.0,3079,0.043,4,476
assets/slide/sar-0556_00s.wav,slide,Semi Auto Rifle,556.004,1.123,-22.7,30.6,3797,0.128,3,477
assets/clunk/sar-0558_31s.wav,clunk,Semi Auto Rifle,558.306,0.16,-24.1,29.3,1437,0.384,3,478
assets/ratchet/sar-0558_96s.wav,ratchet,Semi Auto Rifle,558.959,0.279,-35.9,17.5,1150,0.543,4,479
assets/ui-suspect/sar-0559_45s.wav,ui-suspect,Semi Auto Rifle,559.447,0.395,-24.1,29.2,3592,0.02,4,480
assets/ui-suspect/sar-0559_99s.wav,ui-suspect,Semi Auto Rifle,559.992,0.357,-20.4,33.0,5473,0.003,2,481
assets/hit/sar-0560_87s.wav,hit,Semi Auto Rifle,560.866,0.041,-28.2,25.1,1093,0.176,1,482
assets/clunk/sar-0561_30s.wav,clunk,Semi Auto Rifle,561.304,0.067,-28.2,25.1,470,0.651,1,483
assets/ui-suspect/sar-0561_65s.wav,ui-suspect,Semi Auto Rifle,561.647,0.104,-31.6,21.8,6293,0.023,2,484
assets/clunk/sar-0562_54s.wav,clunk,Semi Auto Rifle,562.538,0.049,-26.2,27.1,921,0.377,1,485
assets/clunk/sar-0564_16s.wav,clunk,Semi Auto Rifle,564.163,0.128,-31.6,21.7,207,0.951,2,486
assets/clunk/sar-0564_92s.wav,clunk,Semi Auto Rifle,564.921,0.119,-31.4,21.9,1382,0.374,1,487
assets/click/sar-0565_44s.wav,click,Semi Auto Rifle,565.437,0.113,-31.0,22.3,2699,0.143,2,488
assets/handle/sar-0566_03s.wav,handle,Semi Auto Rifle,566.029,0.055,-36.4,16.9,1444,0.409,2,489
assets/hit/sar-0567_03s.wav,hit,Semi Auto Rifle,567.028,0.206,-25.2,28.1,4474,0.077,1,490
assets/click/sar-0567_47s.wav,click,Semi Auto Rifle,567.472,0.154,-23.2,30.1,2176,0.006,3,491
assets/ui-suspect/sar-0567_88s.wav,ui-suspect,Semi Auto Rifle,567.881,0.163,-19.5,33.9,3969,0.006,2,492
assets/ui-suspect/sar-0568_47s.wav,ui-suspect,Semi Auto Rifle,568.473,0.383,-13.3,40.0,4469,0.004,2,493
assets/handle/sar-0572_03s.wav,handle,Semi Auto Rifle,572.035,0.313,-38.4,14.9,639,0.711,1,495
assets/clunk/dbshotgun-0589_73s.wav,clunk,Double Barrel Shotgun,589.728,0.087,-22.5,22.7,441,0.648,3,496
assets/ui-suspect/dbshotgun-0590_27s.wav,ui-suspect,Double Barrel Shotgun,590.274,0.113,-9.2,36.0,4517,0.003,1,497
assets/ui-suspect/dbshotgun-0610_01s.wav,ui-suspect,Double Barrel Shotgun,610.008,0.342,-11.1,34.0,3702,0.007,3,498
assets/slide/dbshotgun-0611_12s.wav,slide,Double Barrel Shotgun,611.117,0.656,-12.4,32.7,999,0.458,2,499
assets/ui-suspect/dbshotgun-0613_04s.wav,ui-suspect,Double Barrel Shotgun,613.038,0.276,-20.6,24.6,3679,0.019,3,500
assets/ui-suspect/dbshotgun-0613_85s.wav,ui-suspect,Double Barrel Shotgun,613.854,0.313,-16.4,28.8,6674,0.013,3,501
assets/handle/dbshotgun-0614_76s.wav,handle,Double Barrel Shotgun,614.757,0.084,-26.2,19.0,2060,0.417,3,502
assets/clunk/dbshotgun-0615_33s.wav,clunk,Double Barrel Shotgun,615.325,0.273,-20.5,24.6,1244,0.486,3,503
assets/slide/dbshotgun-0617_18s.wav,slide,Double Barrel Shotgun,617.183,0.253,-14.9,30.3,2014,0.038,2,504
assets/slide/dbshotgun-0617_66s.wav,slide,Double Barrel Shotgun,617.665,0.464,-11.4,33.7,3508,0.081,1,505
assets/clunk/dbshotgun-0618_25s.wav,clunk,Double Barrel Shotgun,618.254,0.104,-24.8,20.3,1457,0.515,1,506
assets/click/dbshotgun-0618_87s.wav,click,Double Barrel Shotgun,618.869,0.075,-16.6,28.6,2344,0.006,1,507
assets/click/dbshotgun-0619_15s.wav,click,Double Barrel Shotgun,619.151,0.157,-22.9,22.3,4168,0.018,2,508
assets/click/dbshotgun-0620_99s.wav,click,Double Barrel Shotgun,620.988,0.154,-17.8,27.3,3598,0.022,2,509
assets/hit/dbshotgun-0622_24s.wav,hit,Double Barrel Shotgun,622.239,0.221,-10.6,34.6,2261,0.168,1,510
assets/ratchet/dbshotgun-0622_60s.wav,ratchet,Double Barrel Shotgun,622.602,0.316,-12.3,32.9,4658,0.126,4,511
assets/clunk/dbshotgun-0623_34s.wav,clunk,Double Barrel Shotgun,623.336,0.342,-9.4,35.8,208,0.935,2,512
assets/clunk/dbshotgun-0624_36s.wav,clunk,Double Barrel Shotgun,624.358,0.067,-21.8,23.4,465,0.641,1,513
assets/ui-suspect/dbshotgun-0624_95s.wav,ui-suspect,Double Barrel Shotgun,624.95,0.058,-25.7,19.5,5100,0.013,2,514
assets/clunk/dbshotgun-0625_59s.wav,clunk,Double Barrel Shotgun,625.592,0.052,-21.8,23.3,449,0.58,1,515
assets/click/dbshotgun-0626_04s.wav,click,Double Barrel Shotgun,626.036,0.134,-20.7,24.5,2828,0.034,1,516
assets/handle/dbshotgun-0626_40s.wav,handle,Double Barrel Shotgun,626.401,0.061,-30.4,14.7,1187,0.189,2,517
assets/handle/dbshotgun-0627_54s.wav,handle,Double Barrel Shotgun,627.545,0.11,-27.4,17.8,2994,0.056,2,518
assets/hit/dbshotgun-0630_03s.wav,hit,Double Barrel Shotgun,630.029,0.049,-24.9,20.3,1534,0.047,1,519
assets/ui-suspect/dbshotgun-0634_66s.wav,ui-suspect,Double Barrel Shotgun,634.665,0.34,-12.0,33.2,4235,0.004,3,520
assets/long/dbshotgun-0635_80s.wav,long,Double Barrel Shotgun,635.805,0.641,-12.2,33.0,647,0.711,3,521
assets/handle/dbshotgun-0636_98s.wav,handle,Double Barrel Shotgun,636.984,0.055,-25.9,19.3,6774,0.014,2,522
assets/ui-suspect/dbshotgun-0637_48s.wav,ui-suspect,Double Barrel Shotgun,637.477,0.276,-19.4,25.8,3800,0.02,2,523
assets/ui-suspect/dbshotgun-0638_29s.wav,ui-suspect,Double Barrel Shotgun,638.293,0.116,-16.5,28.6,4258,0.014,2,524
assets/click/dbshotgun-0638_55s.wav,click,Double Barrel Shotgun,638.551,0.055,-22.3,22.9,9113,0.002,1,525
assets/handle/dbshotgun-0638_93s.wav,handle,Double Barrel Shotgun,638.926,0.044,-26.7,18.5,1547,0.074,1,526
assets/click/dbshotgun-0640_49s.wav,click,Double Barrel Shotgun,640.49,0.055,-19.0,26.2,2187,0.132,1,527
assets/hit/dbshotgun-0642_15s.wav,hit,Double Barrel Shotgun,642.15,0.183,-23.1,22.1,4803,0.063,2,528
assets/click/dbshotgun-0643_78s.wav,click,Double Barrel Shotgun,643.776,0.041,-20.3,24.9,5946,0.003,1,530
assets/hit/dbshotgun-0645_93s.wav,hit,Double Barrel Shotgun,645.926,0.18,-18.0,27.2,1301,0.116,2,531
assets/handle/dbshotgun-0646_74s.wav,handle,Double Barrel Shotgun,646.736,0.061,-29.1,16.1,376,0.857,1,532
assets/hit/dbshotgun-0647_96s.wav,hit,Double Barrel Shotgun,647.961,0.122,-22.9,22.3,1132,0.25,3,533
assets/hit/dbshotgun-0648_90s.wav,hit,Double Barrel Shotgun,648.899,0.168,-15.8,29.3,2639,0.098,1,534
assets/slide/dbshotgun-0651_05s.wav,slide,Double Barrel Shotgun,651.046,0.418,-10.9,34.3,3447,0.054,2,535
assets/ui-suspect/dbshotgun-0655_46s.wav,ui-suspect,Double Barrel Shotgun,655.455,0.337,-11.6,33.6,3609,0.007,2,536
assets/ratchet/dbshotgun-0656_56s.wav,ratchet,Double Barrel Shotgun,656.561,0.282,-9.8,35.4,433,0.741,4,537
assets/long/dbshotgun-0656_98s.wav,long,Double Barrel Shotgun,656.976,0.363,-15.7,29.5,326,0.878,3,538
assets/handle/dbshotgun-0658_22s.wav,handle,Double Barrel Shotgun,658.221,0.055,-26.9,18.3,6537,0.018,2,539
assets/ui-suspect/dbshotgun-0658_55s.wav,ui-suspect,Double Barrel Shotgun,658.549,0.276,-19.7,25.4,3760,0.017,2,540
assets/ui-suspect/dbshotgun-0659_37s.wav,ui-suspect,Double Barrel Shotgun,659.365,0.119,-17.2,27.9,4628,0.008,2,541
assets/ratchet/dbshotgun-0659_62s.wav,ratchet,Double Barrel Shotgun,659.623,0.914,-22.1,23.0,1475,0.378,7,542
assets/hit/dbshotgun-0661_56s.wav,hit,Double Barrel Shotgun,661.562,0.041,-24.4,20.8,914,0.242,1,543
assets/hit/dbshotgun-0661_78s.wav,hit,Double Barrel Shotgun,661.783,0.232,-20.3,24.9,3412,0.038,3,544
assets/click/dbshotgun-0662_79s.wav,click,Double Barrel Shotgun,662.787,0.11,-10.2,34.9,4904,0.156,2,545
assets/click/dbshotgun-0665_34s.wav,click,Double Barrel Shotgun,665.335,0.142,-11.1,34.1,4271,0.174,1,546
assets/click/dbshotgun-0666_20s.wav,click,Double Barrel Shotgun,666.197,0.099,-23.5,21.7,3545,0.024,2,547
assets/hit/dbshotgun-0667_26s.wav,hit,Double Barrel Shotgun,667.263,0.148,-10.3,34.9,1465,0.02,1,548
assets/slide/dbshotgun-0667_81s.wav,slide,Double Barrel Shotgun,667.814,0.255,-12.7,32.4,2195,0.135,3,549
assets/click/dbshotgun-0669_03s.wav,click,Double Barrel Shotgun,669.03,0.046,-22.4,22.8,3645,0.09,1,550
assets/click/dbshotgun-0669_62s.wav,click,Double Barrel Shotgun,669.619,0.046,-20.5,24.7,5380,0.03,1,551
assets/click/dbshotgun-0670_43s.wav,click,Double Barrel Shotgun,670.435,0.061,-20.9,24.3,6474,0.024,1,552
assets/click/dbshotgun-0671_47s.wav,click,Double Barrel Shotgun,671.468,0.11,-21.6,23.5,2187,0.025,2,553
assets/handle/dbshotgun-0672_56s.wav,handle,Double Barrel Shotgun,672.563,0.287,-26.9,18.3,578,0.694,4,554
assets/ui-suspect/dbshotgun-0673_10s.wav,ui-suspect,Double Barrel Shotgun,673.1,0.212,-14.3,30.8,4641,0.007,3,555
assets/ratchet/crossbow-0690_39s.wav,ratchet,Crossbow,690.393,0.116,-30.4,23.9,158,0.933,4,556
assets/handle/crossbow-0691_43s.wav,handle,Crossbow,691.435,0.049,-39.8,14.4,250,0.823,3,557
assets/ratchet/crossbow-0691_62s.wav,ratchet,Crossbow,691.62,1.126,-31.7,22.6,236,0.861,24,558
assets/ratchet/crossbow-0693_00s.wav,ratchet,Crossbow,693.002,0.467,-25.4,28.8,159,0.94,11,559
assets/ratchet/crossbow-0693_73s.wav,ratchet,Crossbow,693.733,0.119,-40.1,14.2,308,0.827,4,560
assets/ratchet/crossbow-0695_07s.wav,ratchet,Crossbow,695.069,0.165,-41.6,12.7,327,0.857,4,561
assets/handle/crossbow-0696_32s.wav,handle,Crossbow,696.32,0.052,-39.3,14.9,199,0.948,3,562
assets/long/crossbow-0708_95s.wav,long,Crossbow,708.951,0.804,-19.5,34.7,900,0.336,4,563
assets/slide/crossbow-0709_91s.wav,slide,Crossbow,709.906,0.908,-27.9,26.4,2310,0.052,4,564
assets/hit/crossbow-0711_39s.wav,hit,Crossbow,711.389,0.209,-25.1,29.1,1551,0.057,2,565
assets/hit/crossbow-0711_91s.wav,hit,Crossbow,711.906,0.11,-29.6,24.7,1646,0.052,1,566
assets/slide/crossbow-0712_17s.wav,slide,Crossbow,712.167,0.7,-31.3,23.0,2374,0.061,1,567
assets/slide/crossbow-0713_28s.wav,slide,Crossbow,713.276,0.302,-26.3,28.0,2996,0.016,2,568
assets/ratchet/crossbow-0713_80s.wav,ratchet,Crossbow,713.798,0.313,-30.2,24.1,2850,0.016,4,569
assets/hit/crossbow-0714_26s.wav,hit,Crossbow,714.257,0.229,-25.6,28.6,1713,0.071,1,570
assets/ui-suspect/crossbow-0714_81s.wav,ui-suspect,Crossbow,714.814,0.61,-19.3,35.0,4090,0.013,3,571
assets/clunk/crossbow-0716_18s.wav,clunk,Crossbow,716.178,0.273,-20.8,33.4,544,0.551,2,572
assets/ui-suspect/crossbow-0717_45s.wav,ui-suspect,Crossbow,717.447,0.401,-26.0,28.2,4288,0.009,4,573
assets/ui-suspect/crossbow-0718_24s.wav,ui-suspect,Crossbow,718.242,0.479,-22.1,32.2,7711,0.005,3,574
assets/handle/crossbow-0719_18s.wav,handle,Crossbow,719.177,0.11,-36.3,18.0,2037,0.018,2,575
assets/long/crossbow-0719_82s.wav,long,Crossbow,719.824,0.406,-22.5,31.7,721,0.578,4,576
assets/clunk/crossbow-0720_67s.wav,clunk,Crossbow,720.666,0.041,-25.7,28.6,385,0.522,1,577
assets/handle/crossbow-0721_22s.wav,handle,Crossbow,721.22,0.148,-34.7,19.6,1343,0.063,3,578
assets/click/crossbow-0721_50s.wav,click,Crossbow,721.502,0.058,-22.8,31.5,4869,0.014,1,579
assets/click/crossbow-0722_39s.wav,click,Crossbow,722.39,0.046,-32.7,21.5,3783,0.03,1,580
assets/handle/crossbow-0722_64s.wav,handle,Crossbow,722.636,0.055,-39.2,15.0,3057,0.04,2,581
assets/ui-suspect/crossbow-0722_89s.wav,ui-suspect,Crossbow,722.889,0.232,-26.7,27.6,3777,0.03,3,582
assets/handle/crossbow-0723_29s.wav,handle,Crossbow,723.287,0.078,-40.3,14.0,367,0.834,3,583
assets/ui-suspect/crossbow-0724_19s.wav,ui-suspect,Crossbow,724.192,0.136,-26.2,28.0,4509,0.017,2,584
assets/hit/crossbow-0724_70s.wav,hit,Crossbow,724.7,0.16,-26.0,28.3,4313,0.031,2,585
assets/hit/crossbow-0725_70s.wav,hit,Crossbow,725.696,0.183,-23.5,30.7,1308,0.11,2,586
assets/hit/crossbow-0726_25s.wav,hit,Crossbow,726.25,0.223,-29.2,25.1,2211,0.132,2,587
assets/click/crossbow-0727_60s.wav,click,Crossbow,727.597,0.046,-30.6,23.6,3118,0.01,1,588
assets/ui-suspect/crossbow-0727_77s.wav,ui-suspect,Crossbow,727.768,0.157,-24.5,29.7,3681,0.027,1,589
assets/ui-suspect/crossbow-0728_13s.wav,ui-suspect,Crossbow,728.128,0.165,-16.7,37.5,3114,0.007,2,590
assets/slide/crossbow-0730_60s.wav,slide,Crossbow,730.601,0.485,-19.1,35.1,2413,0.026,1,591
assets/click/crossbow-0732_11s.wav,click,Crossbow,732.107,0.096,-33.0,21.2,7095,0.011,2,592
assets/long/crossbow-0732_73s.wav,long,Crossbow,732.725,0.691,-18.2,36.0,520,0.516,2,593
assets/ratchet/crossbow-0733_68s.wav,ratchet,Crossbow,733.678,0.154,-37.0,17.2,403,0.797,4,594
assets/click/crossbow-0733_98s.wav,click,Crossbow,733.979,0.067,-32.5,21.8,6316,0.074,2,595
assets/clunk/crossbow-0734_22s.wav,clunk,Crossbow,734.223,0.064,-33.8,20.4,231,0.908,2,596
assets/clunk/crossbow-0736_07s.wav,clunk,Crossbow,736.066,0.099,-31.3,23.0,670,0.737,2,598
assets/ratchet/crossbow-0736_33s.wav,ratchet,Crossbow,736.333,0.554,-30.9,23.3,1884,0.294,5,599
assets/click/crossbow-0737_21s.wav,click,Crossbow,737.207,0.044,-26.7,27.6,4622,0.025,1,600
assets/hit/crossbow-0738_03s.wav,hit,Crossbow,738.034,0.119,-30.9,23.3,2304,0.329,3,601
assets/handle/crossbow-0738_78s.wav,handle,Crossbow,738.783,0.067,-34.4,19.8,3823,0.022,2,602
assets/hit/crossbow-0740_29s.wav,hit,Crossbow,740.292,0.177,-23.2,31.1,3247,0.025,2,603
assets/handle/crossbow-0742_09s.wav,handle,Crossbow,742.086,0.104,-36.0,18.2,2724,0.226,2,604
assets/long/crossbow-0743_08s.wav,long,Crossbow,743.082,0.729,-32.0,22.2,603,0.576,3,605
assets/ui-suspect/crossbow-0747_41s.wav,ui-suspect,Crossbow,747.412,0.27,-33.4,20.8,5455,0.023,3,606
assets/long/crossbow-0748_02s.wav,long,Crossbow,748.022,0.412,-21.0,33.3,571,0.624,3,607
assets/handle/crossbow-0749_12s.wav,handle,Crossbow,749.125,0.041,-37.3,16.9,7408,0.011,1,608
assets/click/crossbow-0749_74s.wav,click,Crossbow,749.74,0.055,-32.7,21.5,6722,0.01,2,609
assets/ui-suspect/crossbow-0750_40s.wav,ui-suspect,Crossbow,750.402,0.383,-25.8,28.4,4359,0.012,3,610
assets/ui-suspect/crossbow-0751_20s.wav,ui-suspect,Crossbow,751.197,1.083,-21.9,32.3,5128,0.068,3,611
assets/long/crossbow-0752_62s.wav,long,Crossbow,752.616,0.412,-22.0,32.3,549,0.588,2,612
assets/click/crossbow-0758_55s.wav,click,Crossbow,758.549,0.046,-33.3,20.9,2402,0.097,1,613
assets/hit/crossbow-0759_28s.wav,hit,Crossbow,759.278,0.075,-33.8,20.4,1623,0.181,2,614
assets/hit/crossbow-0759_87s.wav,hit,Crossbow,759.87,0.215,-21.7,32.6,2738,0.053,1,615
assets/hit/crossbow-0760_72s.wav,hit,Crossbow,760.717,0.061,-29.0,25.2,630,0.256,1,616
assets/hit/crossbow-0761_04s.wav,hit,Crossbow,761.045,0.18,-28.2,26.0,859,0.1,2,617
assets/hit/crossbow-0763_91s.wav,hit,Crossbow,763.91,0.058,-33.7,20.5,494,0.342,1,618
assets/hit/crossbow-0764_45s.wav,hit,Crossbow,764.453,0.229,-17.7,36.5,1716,0.07,2,619
assets/ui-suspect/crossbow-0764_96s.wav,ui-suspect,Crossbow,764.958,0.041,-25.1,29.1,2863,0.003,1,620
assets/clunk/crossbow-0765_54s.wav,clunk,Crossbow,765.544,0.29,-26.1,28.1,433,0.71,2,621
assets/handle/crossbow-0765_97s.wav,handle,Crossbow,765.974,0.058,-37.7,16.5,2200,0.014,2,622
assets/handle/crossbow-0776_85s.wav,handle,Crossbow,776.846,0.096,-38.3,16.0,329,0.837,3,627
assets/handle/milpistol-0806_46s.wav,handle,Military Pistol,806.463,0.186,-26.6,17.4,6398,0.023,3,628
assets/ui-suspect/milpistol-0806_81s.wav,ui-suspect,Military Pistol,806.812,0.046,-22.6,21.3,4040,0.009,1,629
assets/hit/milpistol-0807_26s.wav,hit,Military Pistol,807.264,0.148,-13.8,30.1,1297,0.261,1,630
assets/ui-suspect/milpistol-0807_60s.wav,ui-suspect,Military Pistol,807.604,0.128,-11.8,32.1,5359,0.001,3,631
assets/clunk/milpistol-0808_43s.wav,clunk,Military Pistol,808.431,0.177,-12.2,31.7,808,0.509,2,632
assets/ui-suspect/milpistol-0810_59s.wav,ui-suspect,Military Pistol,810.588,0.276,-20.0,23.9,3657,0.036,3,633
assets/ui-suspect/milpistol-0811_41s.wav,ui-suspect,Military Pistol,811.406,0.113,-16.6,27.3,4653,0.007,2,634
assets/hit/milpistol-0811_66s.wav,hit,Military Pistol,811.662,0.2,-22.6,21.3,4321,0.286,1,635
assets/hit/milpistol-0812_05s.wav,hit,Military Pistol,812.048,0.116,-22.7,21.2,1037,0.347,1,636
assets/ui-suspect/milpistol-0812_88s.wav,ui-suspect,Military Pistol,812.884,0.102,-23.6,20.3,4723,0.028,2,637
assets/ui-suspect/milpistol-0813_66s.wav,ui-suspect,Military Pistol,813.664,0.075,-14.8,29.1,3956,0.006,1,638
assets/handle/milpistol-0814_63s.wav,handle,Military Pistol,814.634,0.145,-25.4,18.5,4079,0.061,2,639
assets/slide/milpistol-0815_78s.wav,slide,Military Pistol,815.777,0.438,-21.7,22.2,1100,0.533,6,640
assets/clunk/milpistol-0816_94s.wav,clunk,Military Pistol,816.938,0.041,-22.0,21.9,614,0.355,1,641
assets/handle/milpistol-0817_68s.wav,handle,Military Pistol,817.682,0.052,-28.1,15.8,853,0.685,1,642
assets/ui-suspect/milpistol-0822_38s.wav,ui-suspect,Military Pistol,822.378,0.253,-12.3,31.6,4725,0.004,2,643
assets/ui-suspect/milpistol-0823_53s.wav,ui-suspect,Military Pistol,823.533,0.07,-12.2,31.7,4387,0.001,1,644
assets/hit/milpistol-0826_56s.wav,hit,Military Pistol,826.563,0.142,-11.2,32.7,1247,0.296,1,647
assets/ui-suspect/milpistol-0826_94s.wav,ui-suspect,Military Pistol,826.94,0.186,-11.6,32.3,5047,0.004,2,648
assets/clunk/milpistol-0827_73s.wav,clunk,Military Pistol,827.733,0.142,-14.7,29.2,696,0.555,2,649
assets/handle/milpistol-0828_50s.wav,handle,Military Pistol,828.496,0.055,-25.5,18.4,6545,0.016,2,650
assets/ui-suspect/milpistol-0829_23s.wav,ui-suspect,Military Pistol,829.225,0.273,-19.8,24.1,3719,0.029,2,651
assets/ui-suspect/milpistol-0830_04s.wav,ui-suspect,Military Pistol,830.037,0.119,-16.4,27.5,4763,0.009,2,652
assets/hit/milpistol-0830_30s.wav,hit,Military Pistol,830.299,0.244,-22.6,21.3,3634,0.109,3,653
assets/clunk/milpistol-0830_98s.wav,clunk,Military Pistol,830.981,0.058,-16.5,27.4,1293,0.464,1,654
assets/click/milpistol-0831_84s.wav,click,Military Pistol,831.84,0.11,-21.8,22.1,2956,0.025,2,655
assets/click/milpistol-0832_31s.wav,click,Military Pistol,832.307,0.09,-21.5,22.4,2088,0.155,2,656
assets/clunk/milpistol-0836_26s.wav,clunk,Military Pistol,836.257,0.119,-23.0,20.9,970,0.461,2,657
assets/ui-suspect/milpistol-0840_25s.wav,ui-suspect,Military Pistol,840.248,0.206,-13.1,30.8,4283,0.008,1,658
assets/ui-suspect/milpistol-0840_88s.wav,ui-suspect,Military Pistol,840.878,0.093,-17.7,26.2,4382,0.008,2,659
assets/ui-suspect/milpistol-0841_25s.wav,ui-suspect,Military Pistol,841.25,0.061,-11.2,32.8,6311,0.002,1,660
assets/ui-suspect/milpistol-0843_08s.wav,ui-suspect,Military Pistol,843.078,0.197,-21.9,22.0,5834,0.041,3,661
assets/hit/milpistol-0843_88s.wav,hit,Military Pistol,843.882,0.122,-18.9,25.0,1577,0.204,2,662
assets/ui-suspect/milpistol-0844_27s.wav,ui-suspect,Military Pistol,844.271,0.096,-10.2,33.7,4812,0.001,1,663
assets/clunk/milpistol-0845_05s.wav,clunk,Military Pistol,845.049,0.16,-11.8,32.1,1266,0.558,1,664
assets/handle/milpistol-0846_28s.wav,handle,Military Pistol,846.283,0.055,-26.5,17.4,6598,0.017,2,665
assets/handle/milpistol-0846_75s.wav,handle,Military Pistol,846.753,0.055,-26.1,17.8,6310,0.021,2,666
assets/handle/milpistol-0847_10s.wav,handle,Military Pistol,847.104,0.055,-26.1,17.8,6754,0.012,2,667
assets/ui-suspect/milpistol-0847_31s.wav,ui-suspect,Military Pistol,847.31,0.273,-19.7,24.2,3449,0.028,2,668
assets/ui-suspect/milpistol-0848_12s.wav,ui-suspect,Military Pistol,848.123,0.116,-16.0,27.9,4356,0.011,2,669
assets/click/milpistol-0848_38s.wav,click,Military Pistol,848.384,0.052,-22.5,21.4,9106,0.005,1,670
assets/click/milpistol-0848_83s.wav,click,Military Pistol,848.828,0.046,-23.6,20.3,4213,0.048,1,671
assets/click/milpistol-0850_41s.wav,click,Military Pistol,850.41,0.122,-19.0,24.9,3340,0.037,2,672
assets/ui-suspect/milpistol-0852_69s.wav,ui-suspect,Military Pistol,852.688,0.055,-21.0,22.9,3825,0.005,1,673
assets/ui-suspect/milpistol-0852_93s.wav,ui-suspect,Military Pistol,852.932,0.154,-15.4,28.5,4471,0.004,2,674
assets/ui-suspect/milpistol-0854_06s.wav,ui-suspect,Military Pistol,854.056,0.055,-12.9,31.0,4383,0.001,1,675
assets/ui-suspect/milpistol-0854_54s.wav,ui-suspect,Military Pistol,854.543,0.154,-13.2,30.7,5173,0.002,2,676
assets/ui-suspect/milpistol-0854_92s.wav,ui-suspect,Military Pistol,854.923,0.151,-11.0,32.9,6318,0.003,1,677
assets/handle/milpistol-0857_36s.wav,handle,Military Pistol,857.362,0.049,-26.5,17.4,7580,0.018,1,678
assets/click/milpistol-0857_90s.wav,click,Military Pistol,857.901,0.096,-21.9,22.0,2557,0.078,2,679
assets/handle/milpistol-0858_50s.wav,handle,Military Pistol,858.502,0.087,-25.6,18.3,5269,0.096,3,680
assets/handle/milpistol-0858_73s.wav,handle,Military Pistol,858.731,0.081,-27.0,16.9,6279,0.021,2,681
assets/click/milpistol-0859_25s.wav,click,Military Pistol,859.251,0.096,-19.1,24.8,3328,0.055,1,682
assets/ui-suspect/milpistol-0860_60s.wav,ui-suspect,Military Pistol,860.598,0.046,-22.6,21.3,4155,0.009,1,683
assets/clunk/milpistol-0861_05s.wav,clunk,Military Pistol,861.048,0.136,-15.5,28.4,921,0.478,2,684
assets/ui-suspect/milpistol-0861_39s.wav,ui-suspect,Military Pistol,861.39,0.134,-11.5,32.4,5157,0.002,3,685
assets/handle/milpistol-0861_86s.wav,handle,Military Pistol,861.863,0.122,-28.2,15.7,2584,0.098,2,686
assets/clunk/milpistol-0862_22s.wav,clunk,Military Pistol,862.217,0.177,-12.4,31.5,841,0.477,2,687
assets/handle/milpistol-0863_58s.wav,handle,Military Pistol,863.584,0.055,-27.1,16.8,6644,0.021,2,688
assets/ui-suspect/milpistol-0864_56s.wav,ui-suspect,Military Pistol,864.563,0.276,-20.2,23.7,3723,0.034,4,689
assets/ui-suspect/milpistol-0865_38s.wav,ui-suspect,Military Pistol,865.375,0.119,-16.5,27.4,4425,0.006,2,690
assets/hit/milpistol-0865_64s.wav,hit,Military Pistol,865.637,0.18,-22.3,21.6,5460,0.126,1,691
assets/ui-suspect/milpistol-0868_86s.wav,ui-suspect,Military Pistol,868.855,0.134,-22.5,21.4,5107,0.035,2,692
assets/hit/milpistol-0870_21s.wav,hit,Military Pistol,870.208,0.168,-14.5,29.4,1383,0.109,2,693
assets/clunk/milpistol-0872_65s.wav,clunk,Military Pistol,872.646,0.279,-22.1,21.8,1978,0.372,2,694
assets/ui-suspect/milpistol-0874_13s.wav,ui-suspect,Military Pistol,874.132,0.154,-14.3,29.6,4855,0.003,1,695
assets/ui-suspect/milpistol-0874_68s.wav,ui-suspect,Military Pistol,874.681,0.058,-17.6,26.4,5028,0.006,1,696
assets/ui-suspect/milpistol-0874_97s.wav,ui-suspect,Military Pistol,874.974,0.073,-10.3,33.6,6275,0.002,1,697
assets/ui-suspect/huntpistol-0906_91s.wav,ui-suspect,Hunting Pistol,906.91,0.186,-26.8,18.6,6264,0.025,3,698
assets/ui-suspect/huntpistol-0907_52s.wav,ui-suspect,Hunting Pistol,907.522,0.229,-13.5,32.0,4947,0.003,2,699
assets/slide/huntpistol-0908_94s.wav,slide,Hunting Pistol,908.942,0.325,-12.0,33.4,1161,0.222,3,700
assets/ui-suspect/huntpistol-0910_32s.wav,ui-suspect,Hunting Pistol,910.32,0.276,-19.8,25.6,3779,0.018,4,701
assets/ui-suspect/huntpistol-0911_13s.wav,ui-suspect,Hunting Pistol,911.133,0.119,-16.5,28.9,4586,0.01,2,702
assets/click/huntpistol-0911_39s.wav,click,Hunting Pistol,911.394,0.055,-22.5,22.9,9165,0.003,1,703
assets/clunk/huntpistol-0912_00s.wav,clunk,Hunting Pistol,912.001,0.052,-21.4,24.0,981,0.469,2,704
assets/clunk/huntpistol-0912_50s.wav,clunk,Hunting Pistol,912.503,0.052,-21.2,24.2,910,0.542,1,705
assets/handle/huntpistol-0912_97s.wav,handle,Hunting Pistol,912.965,0.044,-28.0,17.5,1234,0.136,2,706
assets/hit/huntpistol-0916_90s.wav,hit,Hunting Pistol,916.9,0.206,-21.2,24.2,1759,0.032,2,707
assets/long/huntpistol-0917_34s.wav,long,Hunting Pistol,917.339,0.386,-13.8,31.7,862,0.528,2,708
assets/slide/huntpistol-0918_68s.wav,slide,Hunting Pistol,918.677,0.441,-14.0,31.5,3420,0.103,3,709
assets/handle/huntpistol-0925_18s.wav,handle,Hunting Pistol,925.178,0.104,-26.4,19.1,2645,0.083,2,710
assets/click/huntpistol-0926_46s.wav,click,Hunting Pistol,926.461,0.122,-12.7,32.8,4066,0.01,1,711
assets/clunk/huntpistol-0927_72s.wav,clunk,Hunting Pistol,927.718,0.09,-25.1,20.3,2065,0.39,2,712
assets/click/huntpistol-0931_57s.wav,click,Hunting Pistol,931.567,0.122,-15.3,30.1,2263,0.031,2,713
assets/long/huntpistol-0932_00s.wav,long,Hunting Pistol,932.005,0.572,-13.1,32.4,5540,0.045,1,714
assets/ui-suspect/huntpistol-0932_70s.wav,ui-suspect,Hunting Pistol,932.702,0.064,-14.2,31.2,8086,0.001,1,715
assets/handle/huntpistol-0934_39s.wav,handle,Hunting Pistol,934.388,0.081,-27.1,18.4,6187,0.034,2,716
assets/ui-suspect/huntpistol-0935_01s.wav,ui-suspect,Hunting Pistol,935.012,0.154,-13.5,31.9,4513,0.003,3,717
assets/ratchet/huntpistol-0935_96s.wav,ratchet,Hunting Pistol,935.961,0.377,-10.4,35.0,1323,0.238,4,718
assets/handle/huntpistol-0936_82s.wav,handle,Hunting Pistol,936.817,0.058,-26.3,19.1,6733,0.015,2,719
assets/ui-suspect/huntpistol-0937_35s.wav,ui-suspect,Hunting Pistol,937.348,0.276,-20.5,25.0,3856,0.014,2,720
assets/ui-suspect/huntpistol-0938_16s.wav,ui-suspect,Hunting Pistol,938.161,0.119,-16.4,29.0,4562,0.007,2,721
assets/click/huntpistol-0938_42s.wav,click,Hunting Pistol,938.422,0.055,-22.8,22.6,8979,0.003,1,722
assets/clunk/huntpistol-0940_23s.wav,clunk,Hunting Pistol,940.234,0.055,-25.1,20.3,412,0.469,1,723
assets/hit/huntpistol-0940_69s.wav,hit,Hunting Pistol,940.692,0.177,-24.4,21.0,899,0.292,2,724
assets/clunk/huntpistol-0941_56s.wav,clunk,Hunting Pistol,941.557,0.07,-23.0,22.4,1291,0.725,1,725
assets/clunk/huntpistol-0942_13s.wav,clunk,Hunting Pistol,942.135,0.049,-20.0,25.4,1366,0.451,1,726
assets/hit/huntpistol-0943_30s.wav,hit,Hunting Pistol,943.299,0.183,-25.0,20.5,3379,0.064,3,727
assets/click/huntpistol-0947_80s.wav,click,Hunting Pistol,947.8,0.157,-16.7,28.8,3344,0.025,2,728
assets/clunk/huntpistol-0948_13s.wav,clunk,Hunting Pistol,948.131,0.284,-17.9,27.6,1617,0.357,1,729
assets/ui-suspect/huntpistol-0948_64s.wav,ui-suspect,Hunting Pistol,948.639,0.099,-13.9,31.5,5840,0.001,1,730
assets/ui-suspect/huntpistol-0950_92s.wav,ui-suspect,Hunting Pistol,950.921,0.084,-27.5,17.9,6056,0.023,2,731
assets/ui-suspect/huntpistol-0951_55s.wav,ui-suspect,Hunting Pistol,951.547,0.145,-13.8,31.6,4784,0.001,2,732
assets/slide/huntpistol-0952_62s.wav,slide,Hunting Pistol,952.621,0.325,-12.0,33.5,1167,0.234,3,733
assets/handle/huntpistol-0953_57s.wav,handle,Hunting Pistol,953.57,0.055,-26.3,19.1,6787,0.005,2,734
assets/ui-suspect/huntpistol-0954_82s.wav,ui-suspect,Hunting Pistol,954.816,0.276,-19.9,25.5,3757,0.019,3,735
assets/ui-suspect/huntpistol-0955_63s.wav,ui-suspect,Hunting Pistol,955.631,0.119,-16.6,28.8,4651,0.01,2,736
assets/click/huntpistol-0955_89s.wav,click,Hunting Pistol,955.89,0.058,-22.6,22.8,9149,0.003,1,737
assets/hit/huntpistol-0956_43s.wav,hit,Hunting Pistol,956.427,0.055,-22.8,22.6,637,0.241,1,738
assets/hit/huntpistol-0956_76s.wav,hit,Hunting Pistol,956.757,0.171,-22.6,22.8,885,0.081,3,739
assets/click/huntpistol-0957_17s.wav,click,Hunting Pistol,957.172,0.081,-19.4,26.0,4232,0.008,2,740
assets/slide/huntpistol-0958_56s.wav,slide,Hunting Pistol,958.563,0.253,-18.7,26.8,2671,0.08,2,741
assets/hit/huntpistol-0959_14s.wav,hit,Hunting Pistol,959.14,0.177,-16.6,28.9,2738,0.03,3,742
assets/hit/huntpistol-0960_46s.wav,hit,Hunting Pistol,960.458,0.218,-11.3,34.1,1686,0.077,2,743
assets/slide/huntpistol-0961_35s.wav,slide,Hunting Pistol,961.352,0.296,-12.0,33.5,1750,0.209,2,744
assets/click/huntpistol-0962_94s.wav,click,Hunting Pistol,962.943,0.122,-20.0,25.4,4527,0.064,2,745
assets/ratchet/huntpistol-0963_53s.wav,ratchet,Hunting Pistol,963.529,0.139,-27.5,18.0,383,0.829,4,746
assets/handle/huntpistol-0963_84s.wav,handle,Hunting Pistol,963.84,0.067,-29.6,15.8,5425,0.06,2,747
assets/hit/huntpistol-0964_37s.wav,hit,Hunting Pistol,964.368,0.18,-20.0,25.4,3948,0.064,2,748
assets/handle/huntpistol-0966_92s.wav,handle,Hunting Pistol,966.916,0.049,-26.0,19.4,4522,0.004,1,749
assets/click/huntpistol-0967_94s.wav,click,Hunting Pistol,967.941,0.134,-24.1,21.3,2982,0.098,2,750
assets/slide/huntpistol-0969_31s.wav,slide,Hunting Pistol,969.314,0.491,-10.1,35.4,2189,0.065,3,751
assets/slide/huntpistol-0970_29s.wav,slide,Hunting Pistol,970.292,0.496,-10.3,35.1,1912,0.254,2,752
assets/clunk/huntpistol-0971_34s.wav,clunk,Hunting Pistol,971.337,0.311,-22.4,23.0,1977,0.389,3,753
assets/ui-suspect/huntpistol-0972_01s.wav,ui-suspect,Hunting Pistol,972.01,0.258,-13.9,31.6,6099,0.008,2,754
assets/handle/huntpistol-0989_17s.wav,handle,Hunting Pistol,989.175,0.058,-31.4,14.0,82,0.979,1,755
assets/handle/huntpistol-0989_86s.wav,handle,Hunting Pistol,989.857,0.055,-31.4,14.0,208,0.974,1,756
assets/handle/huntpistol-0990_54s.wav,handle,Hunting Pistol,990.537,0.058,-31.2,14.2,85,0.997,1,757
assets/handle/huntpistol-0991_22s.wav,handle,Hunting Pistol,991.222,0.058,-31.3,14.1,197,0.972,2,758
assets/handle/huntpistol-0991_89s.wav,handle,Hunting Pistol,991.895,0.064,-30.7,14.8,95,0.953,1,759
assets/handle/huntpistol-0992_58s.wav,handle,Hunting Pistol,992.583,0.061,-31.1,14.4,205,0.971,1,760
assets/handle/huntpistol-0993_26s.wav,handle,Hunting Pistol,993.265,0.055,-30.9,14.5,87,0.995,1,761
assets/handle/huntpistol-0993_95s.wav,handle,Hunting Pistol,993.947,0.061,-31.3,14.1,207,0.972,2,762
assets/handle/huntpistol-0994_62s.wav,handle,Hunting Pistol,994.623,0.07,-31.4,14.0,83,0.978,1,763
assets/handle/huntpistol-0997_35s.wav,handle,Hunting Pistol,997.349,0.07,-31.2,14.2,84,0.982,1,767
assets/handle/huntpistol-0998_04s.wav,handle,Hunting Pistol,998.04,0.058,-31.4,14.1,190,0.976,1,768
assets/handle/huntpistol-0998_72s.wav,handle,Hunting Pistol,998.719,0.064,-31.1,14.3,80,0.998,1,769
assets/handle/huntpistol-0999_40s.wav,handle,Hunting Pistol,999.404,0.061,-31.2,14.2,188,0.977,1,770
assets/handle/huntpistol-1000_08s.wav,handle,Hunting Pistol,1000.08,0.067,-31.2,14.3,82,0.977,1,771
assets/handle/huntpistol-1000_76s.wav,handle,Hunting Pistol,1000.765,0.061,-31.2,14.3,201,0.975,1,772
assets/handle/huntpistol-1001_45s.wav,handle,Hunting Pistol,1001.45,0.061,-31.2,14.3,73,0.997,1,773
assets/handle/huntpistol-1002_13s.wav,handle,Hunting Pistol,1002.129,0.058,-31.3,14.1,219,0.968,1,774
assets/handle/huntpistol-1003_49s.wav,handle,Hunting Pistol,1003.493,0.061,-31.5,14.0,192,0.975,1,776
assets/handle/huntpistol-1004_86s.wav,handle,Hunting Pistol,1004.858,0.058,-31.3,14.2,199,0.973,1,778
assets/handle/huntpistol-1006_22s.wav,handle,Hunting Pistol,1006.222,0.055,-31.2,14.3,199,0.974,1,780
